EBG00001089504	10
EBG00001089505	0
EBG00001089506	0
EBG00001089507	0
EBG00001089508	20
EBG00001089509	72
EBG00001089510	18
EBG00001089511	17
EBG00001089512	52
EBG00001089513	199
EBG00001089514	16
EBG00001089515	0
EBG00001089516	0
EBG00001089517	12
EBG00001089518	0
EBG00001089519	7
EBG00001089520	0
EBG00001089521	38
EBG00001089522	0
EBG00001089523	23
EBG00001089524	405
EBG00001089525	0
EBG00001089526	16
EBG00001089527	0
EBG00001089528	23
EBG00001089529	0
EBG00001089530	85
EBG00001089531	12
EBG00001089532	48
EBG00001089533	12
EBG00001089534	0
EBG00001089535	231
EBG00001089536	10
EBG00001089537	4
EBG00001089538	0
EBG00001089539	5
EBG00001089540	13
EBG00001089541	0
EBG00001089542	0
EBG00001089543	0
EBG00001089544	38
EBG00001089545	19
EBG00001089546	66
EBG00001089547	0
EBG00001089548	283
EBG00001089549	35
EBG00001089550	49
EBG00001089551	0
EBG00001089552	217
EBG00001089553	158
EBG00001089554	0
EBG00001089555	0
EBG00001089556	0
EBG00001089557	63
EBG00001089558	22
EBG00001089559	2278
EBG00001089560	489
EBG00001089561	0
EBG00001089562	21
EBG00001089563	0
EBG00001089564	12
EBG00001089565	0
EBG00001089566	243
EBG00001089567	0
EBG00001089568	3589
EBG00001089569	100
EBG00001089570	119
EBG00001089571	0
EBG00001089572	16
EBG00001089573	0
EBG00001089574	43407
EBG00001089575	38
EBG00001089576	0
EBG00001089577	0
EBG00001089578	14
EBG00001089579	25
EBG00001089580	20
EBG00001089581	210
EBG00001089582	51
EBG00001089583	447
EBG00001089584	9947
EBG00001089585	96
EBG00001089586	0
EBG00001089587	0
EBG00001089588	0
EBG00001089589	0
EBG00001089590	58
EBG00001089591	786
EBG00001089592	2
EBG00001089593	30
EBG00001089594	8
EBG00001089595	100
EBG00001089596	54
EBG00001089597	0
EBG00001089598	34
EBG00001089599	6
EBG00001089600	147
EBG00001089601	20
EBG00001089602	44
EBG00001089603	0
EBG00001089604	0
EBG00001089605	23
EBG00001089606	4
EBG00001089607	0
EBG00001089608	13
EBG00001089609	495
EBG00001089610	37
EBG00001089611	379
EBG00001089612	0
EBG00001089613	1132
EBG00001089614	0
EBG00001089615	0
EBG00001089616	63
EBG00001089617	170
EBG00001089618	5
EBG00001089619	0
EBG00001089620	153
EBG00001089621	7
EBG00001089622	31
EBG00001089623	17
EBG00001089624	7
EBG00001089625	0
EBG00001089626	984
EBG00001089627	95
EBG00001089628	50
EBG00001089629	509
EBG00001089630	0
EBG00001089631	0
EBG00001089632	12
EBG00001089633	0
EBG00001089634	22
EBG00001089635	44
EBG00001089636	344
EBG00001089637	1903
EBG00001089638	0
EBG00001089639	42
EBG00001089640	303
EBG00001089641	0
EBG00001089642	8
EBG00001089643	0
EBG00001089644	0
EBG00001089645	141
EBG00001089646	302
EBG00001089647	15
EBG00001089648	0
EBG00001089649	12
EBG00001089650	75
EBG00001089651	0
EBG00001089652	0
EBG00001089653	372
EBG00001089654	521
EBG00001089655	17
EBG00001089656	85
EBG00001089657	0
EBG00001089658	55
EBG00001089659	38
EBG00001089660	494
EBG00001089661	263
EBG00001089662	76
EBG00001089663	0
EBG00001089664	9
EBG00001089665	281
EBG00001089666	0
EBG00001089667	4
EBG00001089668	45
EBG00001089669	143
EBG00001089670	11
EBG00001089671	0
EBG00001089672	23
EBG00001089673	52522
EBG00001089674	931
EBG00001089675	510
EBG00001089676	0
EBG00001089677	345
EBG00001089678	331
EBG00001089679	62
EBG00001089680	63
EBG00001089681	38
EBG00001089682	3362
EBG00001089683	258
EBG00001089684	19
EBG00001089685	1514
EBG00001089686	82
EBG00001089687	0
EBG00001089688	0
EBG00001089689	0
EBG00001089690	4
EBG00001089691	101
EBG00001089692	236
EBG00001089693	105
EBG00001089694	255
EBG00001089695	0
EBG00001089696	235
EBG00001089697	325
EBG00001089698	535
EBG00001089699	130
EBG00001089700	168
EBG00001089701	11
EBG00001089702	51
EBG00001089703	0
EBG00001089704	0
EBG00001089705	0
EBG00001089706	358
EBG00001089707	0
EBG00001089709	0
EBG00001089711	24
EBG00001089713	135
EBG00001089715	0
EBG00001089716	2
EBG00001089717	67
EBG00001089719	0
EBG00001089720	16
EBG00001089721	28
EBG00001089722	0
EBG00001089723	55
EBG00001089724	0
EBG00001089725	0
EBG00001089726	513
EBG00001089727	141
EBG00001089728	22
EBG00001089729	0
EBG00001089730	21
EBG00001089731	459
EBG00001089732	0
EBG00001089733	8
ECDH10B_0001	640
ECDH10B_0002	2238
ECDH10B_0003	953
ECDH10B_0004	1262
ECDH10B_0005	114
ECDH10B_0006	214
ECDH10B_0007	386
ECDH10B_0008	5171
ECDH10B_0009	601
ECDH10B_0010	561
ECDH10B_0011	61
ECDH10B_0012	42
ECDH10B_0013	20
ECDH10B_0014	5283
ECDH10B_0015	1981
ECDH10B_0016	17
ECDH10B_0017	14
ECDH10B_0018	0
ECDH10B_0019	0
ECDH10B_0020	343
ECDH10B_0021	306
ECDH10B_0022	6
ECDH10B_0023	43
ECDH10B_0024	1558
ECDH10B_0025	29
ECDH10B_0026	1363
ECDH10B_0027	5332
ECDH10B_0028	512
ECDH10B_0029	672
ECDH10B_0030	1249
ECDH10B_0031	130
ECDH10B_0032	507
ECDH10B_0033	182
ECDH10B_0034	253
ECDH10B_0035	65
ECDH10B_0036	8
ECDH10B_0037	0
ECDH10B_0038	90
ECDH10B_0039	185
ECDH10B_0040	157
ECDH10B_0041	48
ECDH10B_0042	22
ECDH10B_0043	31
ECDH10B_0044	0
ECDH10B_0045	0
ECDH10B_0046	5
ECDH10B_0047	11
ECDH10B_0048	188
ECDH10B_0049	293
ECDH10B_0050	686
ECDH10B_0051	649
ECDH10B_0052	1074
ECDH10B_0053	777
ECDH10B_0054	1740
ECDH10B_0055	4160
ECDH10B_0056	350
ECDH10B_0058	213
ECDH10B_0060	93
ECDH10B_0061	39
ECDH10B_0062	14
ECDH10B_0063	730
ECDH10B_0064	783
ECDH10B_0065	80
ECDH10B_0066	654
ECDH10B_0067	648
ECDH10B_0068	702
ECDH10B_0069	1097
ECDH10B_0070	1024
ECDH10B_0071	883
ECDH10B_0072	587
ECDH10B_0073	911
ECDH10B_0074	1436
ECDH10B_0075	949
ECDH10B_0076	1545
ECDH10B_0077	3059
ECDH10B_0078	6250
ECDH10B_0079	1426
ECDH10B_0080	4938
ECDH10B_0081	355
ECDH10B_0082	261
ECDH10B_0083	678
ECDH10B_0084	277
ECDH10B_0085	649
ECDH10B_0086	176
ECDH10B_0087	270
ECDH10B_0088	75
ECDH10B_0089	915
ECDH10B_0090	413
ECDH10B_0091	273
ECDH10B_0092	624
ECDH10B_0093	3142
ECDH10B_0094	16822
ECDH10B_0095	13983
ECDH10B_0096	10060
ECDH10B_0097	284
ECDH10B_0098	5013
ECDH10B_0099	543
ECDH10B_0100	1049
ECDH10B_0101	1042
ECDH10B_0102	528
ECDH10B_0103	315
ECDH10B_0104	1160
ECDH10B_0105	1056
ECDH10B_0106	1736
ECDH10B_0107	382
ECDH10B_0108	401
ECDH10B_0109	115
ECDH10B_0110	559
ECDH10B_0111	740
ECDH10B_0112	258
ECDH10B_0113	862
ECDH10B_0114	586
ECDH10B_0115	52
ECDH10B_0116	8
ECDH10B_0117	22
ECDH10B_0118	0
ECDH10B_0119	98
ECDH10B_0120	45
ECDH10B_0121	20
ECDH10B_0122	155
ECDH10B_0123	1315
ECDH10B_0124	56
ECDH10B_0125	1870
ECDH10B_0126	302
ECDH10B_0127	72
ECDH10B_0128	607
ECDH10B_0129	867
ECDH10B_0130	271
ECDH10B_0131	17
ECDH10B_0132	28
ECDH10B_0133	454
ECDH10B_0134	870
ECDH10B_0135	285
ECDH10B_0136	279
ECDH10B_0137	253
ECDH10B_0138	141
ECDH10B_0139	985
ECDH10B_0140	369
ECDH10B_0141	906
ECDH10B_0142	444
ECDH10B_0143	400
ECDH10B_0144	180
ECDH10B_0145	1021
ECDH10B_0146	647
ECDH10B_0147	1079
ECDH10B_0149	9980
ECDH10B_0150	6413
ECDH10B_0151	2003
ECDH10B_0152	1484
ECDH10B_0153	558
ECDH10B_0154	2351
ECDH10B_0155	1541
ECDH10B_0156	2289
ECDH10B_0157	6378
ECDH10B_0158	3398
ECDH10B_0159	2656
ECDH10B_0160	1400
ECDH10B_0161	1269
ECDH10B_0162	1688
ECDH10B_0163	749
ECDH10B_0164	3486
ECDH10B_0165	2021
ECDH10B_0166	453
ECDH10B_0167	122
ECDH10B_0168	332
ECDH10B_0169	108
ECDH10B_0170	136
ECDH10B_0171	245
ECDH10B_0172	354
ECDH10B_0173	370
ECDH10B_0174	215
ECDH10B_0175	2943
ECDH10B_0176	244
ECDH10B_0177	350
ECDH10B_0178	602
ECDH10B_0179	346
ECDH10B_0180	326
ECDH10B_0181	706
ECDH10B_0182	23
ECDH10B_0183	0
ECDH10B_0184	46
ECDH10B_0185	581
ECDH10B_0186	0
ECDH10B_0187	6
ECDH10B_0188	154
ECDH10B_0189	164
ECDH10B_0190	165
ECDH10B_0191	138
ECDH10B_0192	3288
ECDH10B_0193	238
ECDH10B_0194	666
ECDH10B_0195	475
ECDH10B_0196	179
ECDH10B_0197	19
ECDH10B_0198	70
ECDH10B_0199	35
ECDH10B_0200	119
ECDH10B_0201	199
ECDH10B_0202	74
ECDH10B_0203	71
ECDH10B_0204	423
ECDH10B_0205	830
ECDH10B_0206	1677
ECDH10B_0207	54
ECDH10B_0208	222
ECDH10B_0209	27
ECDH10B_0210	0
ECDH10B_0211	153
ECDH10B_0212	9
ECDH10B_0213	151
ECDH10B_0214	25
ECDH10B_0215	9
ECDH10B_0216	9
ECDH10B_0217	13
ECDH10B_0218	177
ECDH10B_0219	2322
ECDH10B_0220	188
ECDH10B_0221	591
ECDH10B_0222	958
ECDH10B_0223	181
ECDH10B_0224	577
ECDH10B_0225	412
ECDH10B_0226	78
ECDH10B_0227	174
ECDH10B_0228	94
ECDH10B_0229	41
ECDH10B_0230	36
ECDH10B_0231	299
ECDH10B_0232	236
ECDH10B_0233	92
ECDH10B_0234	52
ECDH10B_0235	19
ECDH10B_0236	20
ECDH10B_0237	86
ECDH10B_0238	240
ECDH10B_0239	26
ECDH10B_0240	32
ECDH10B_0241	46
ECDH10B_0243	57
ECDH10B_0244	204
ECDH10B_0245	1
ECDH10B_0246	62
ECDH10B_0247	160
ECDH10B_0248	52
ECDH10B_0249	17
ECDH10B_0250	0
ECDH10B_0251	39
ECDH10B_0252	63
ECDH10B_0253	75
ECDH10B_0254	48
ECDH10B_0255	1072
ECDH10B_0256	3910
ECDH10B_0257	303
ECDH10B_0258	430
ECDH10B_0259	197
ECDH10B_0261	143
ECDH10B_0262	7
ECDH10B_0263	4
ECDH10B_0264	146
ECDH10B_0265	129
ECDH10B_0266	85
ECDH10B_0267	31
ECDH10B_0268	249
ECDH10B_0269	145
ECDH10B_0270	25
ECDH10B_0271	35
ECDH10B_0272	54
ECDH10B_0273	0
ECDH10B_0274	0
ECDH10B_0275	11
ECDH10B_0276	28
ECDH10B_0277	33
ECDH10B_0278	101
ECDH10B_0279	81
ECDH10B_0280	3
ECDH10B_0281	81
ECDH10B_0282	18
ECDH10B_0283	52
ECDH10B_0284	17
ECDH10B_0285	40
ECDH10B_0286	0
ECDH10B_0287	0
ECDH10B_0288	10
ECDH10B_0289	127
ECDH10B_0290	32
ECDH10B_0291	0
ECDH10B_0292	9
ECDH10B_0293	0
ECDH10B_0294	144
ECDH10B_0295	207
ECDH10B_0296	146
ECDH10B_0297	48
ECDH10B_0298	263
ECDH10B_0299	119
ECDH10B_0300	98
ECDH10B_0301	518
ECDH10B_0302	92
ECDH10B_0303	253
ECDH10B_0304	0
ECDH10B_0305	0
ECDH10B_0306	16
ECDH10B_0307	8
ECDH10B_0308	27
ECDH10B_0309	465
ECDH10B_0310	609
ECDH10B_0311	927
ECDH10B_0312	359
ECDH10B_0313	3
ECDH10B_0315	28
ECDH10B_0316	6
ECDH10B_0317	23
ECDH10B_0319	50
ECDH10B_0320	0
ECDH10B_0321	0
ECDH10B_0322	14
ECDH10B_0323	17
ECDH10B_0324	123
ECDH10B_0325	643
ECDH10B_0326	0
ECDH10B_0328	288
ECDH10B_0329	30
ECDH10B_0330	17
ECDH10B_0332	25
ECDH10B_0333	98
ECDH10B_0334	157
ECDH10B_0335	203
ECDH10B_0336	100
ECDH10B_0337	235
ECDH10B_0338	741
ECDH10B_0339	23
ECDH10B_0340	111
ECDH10B_0341	9
ECDH10B_0342	146
ECDH10B_0343	204
ECDH10B_0344	262
ECDH10B_0345	1060
ECDH10B_0346	296
ECDH10B_0347	248
ECDH10B_0348	595
ECDH10B_0349	115
ECDH10B_0350	265
ECDH10B_0351	192
ECDH10B_0352	100
ECDH10B_0353	423
ECDH10B_0354	179
ECDH10B_0355	120
ECDH10B_0356	164
ECDH10B_0357	1305
ECDH10B_0358	662
ECDH10B_0359	290
ECDH10B_0360	87
ECDH10B_0361	482
ECDH10B_0362	2758
ECDH10B_0363	1096
ECDH10B_0364	4448
ECDH10B_0365	1317
ECDH10B_0366	234
ECDH10B_0367	740
ECDH10B_0368	71
ECDH10B_0369	389
ECDH10B_0370	814
ECDH10B_0371	1286
ECDH10B_0372	1337
ECDH10B_0373	344
ECDH10B_0374	935
ECDH10B_0375	669
ECDH10B_0376	1388
ECDH10B_0377	762
ECDH10B_0378	344
ECDH10B_0379	1116
ECDH10B_0380	351
ECDH10B_0381	190
ECDH10B_0382	510
ECDH10B_0383	539
ECDH10B_0384	3797
ECDH10B_0385	1471
ECDH10B_0386	1997
ECDH10B_0387	9279
ECDH10B_0388	4599
ECDH10B_0389	658
ECDH10B_0390	690
ECDH10B_0391	293
ECDH10B_0392	7092
ECDH10B_0393	1588
ECDH10B_0394	3516
ECDH10B_0395	2431
ECDH10B_0396	1054
ECDH10B_0397	2077
ECDH10B_0398	42
ECDH10B_0399	47
ECDH10B_0400	125
ECDH10B_0401	80
ECDH10B_0402	119
ECDH10B_0403	149
ECDH10B_0404	330
ECDH10B_0405	426
ECDH10B_0406	0
ECDH10B_0407	52
ECDH10B_0408	180
ECDH10B_0409	86
ECDH10B_0410	75
ECDH10B_0412	379
ECDH10B_0413	394
ECDH10B_0414	406
ECDH10B_0415	737
ECDH10B_0416	665
ECDH10B_0417	1208
ECDH10B_0418	908
ECDH10B_0419	475
ECDH10B_0420	84
ECDH10B_0421	1233
ECDH10B_0422	42
ECDH10B_0423	290
ECDH10B_0424	107
ECDH10B_0425	715
ECDH10B_0426	2073
ECDH10B_0427	868
ECDH10B_0428	1284
ECDH10B_0429	1352
ECDH10B_0430	1654
ECDH10B_0431	175
ECDH10B_0432	71
ECDH10B_0433	499
ECDH10B_0434	1269
ECDH10B_0435	122
ECDH10B_0436	367
ECDH10B_0437	174
ECDH10B_0439	264
ECDH10B_0440	428
ECDH10B_0441	642
ECDH10B_0442	1
ECDH10B_0443	71
ECDH10B_0444	414
ECDH10B_0445	295
ECDH10B_0446	186
ECDH10B_0447	94
ECDH10B_0448	212
ECDH10B_0449	644
ECDH10B_0450	315
ECDH10B_0451	367
ECDH10B_0452	242
ECDH10B_0453	291
ECDH10B_0454	209
ECDH10B_0455	45
ECDH10B_0456	121
ECDH10B_0457	77
ECDH10B_0458	101
ECDH10B_0459	192
ECDH10B_0460	1
ECDH10B_0461	0
ECDH10B_0462	449
ECDH10B_0463	49
ECDH10B_0464	0
ECDH10B_0465	0
ECDH10B_0466	0
ECDH10B_0467	0
ECDH10B_0468	50
ECDH10B_0469	0
ECDH10B_0470	23
ECDH10B_0471	106
ECDH10B_0472	68
ECDH10B_0473	0
ECDH10B_0474	0
ECDH10B_0475	0
ECDH10B_0476	15
ECDH10B_0477	94
ECDH10B_0478	260
ECDH10B_0479	78
ECDH10B_0480	374
ECDH10B_0481	1035
ECDH10B_0482	591
ECDH10B_0483	273
ECDH10B_0484	114
ECDH10B_0485	741
ECDH10B_0486	0
ECDH10B_0487	0
ECDH10B_0488	71
ECDH10B_0489	7
ECDH10B_0490	0
ECDH10B_0491	0
ECDH10B_0492	219
ECDH10B_0493	725
ECDH10B_0494	8
ECDH10B_0495	0
ECDH10B_0496	1
ECDH10B_0497	37
ECDH10B_0498	143
ECDH10B_0499	131
ECDH10B_0500	23
ECDH10B_0501	9
ECDH10B_0502	102
ECDH10B_0503	0
ECDH10B_0504	0
ECDH10B_0505	0
ECDH10B_0506	0
ECDH10B_0507	0
ECDH10B_0508	23
ECDH10B_0509	35
ECDH10B_0510	0
ECDH10B_0511	0
ECDH10B_0512	0
ECDH10B_0513	0
ECDH10B_0514	0
ECDH10B_0515	0
ECDH10B_0516	0
ECDH10B_0517	0
ECDH10B_0518	0
ECDH10B_0519	0
ECDH10B_0520	0
ECDH10B_0521	0
ECDH10B_0522	0
ECDH10B_0523	0
ECDH10B_0524	0
ECDH10B_0525	0
ECDH10B_0526	0
ECDH10B_0527	0
ECDH10B_0528	0
ECDH10B_0529	0
ECDH10B_0530	0
ECDH10B_0531	0
ECDH10B_0532	0
ECDH10B_0533	0
ECDH10B_0534	0
ECDH10B_0535	0
ECDH10B_0536	0
ECDH10B_0537	0
ECDH10B_0538	0
ECDH10B_0539	0
ECDH10B_0540	0
ECDH10B_0541	0
ECDH10B_0542	0
ECDH10B_0543	0
ECDH10B_0544	0
ECDH10B_0545	0
ECDH10B_0546	0
ECDH10B_0547	0
ECDH10B_0548	0
ECDH10B_0549	0
ECDH10B_0550	0
ECDH10B_0551	0
ECDH10B_0552	0
ECDH10B_0553	0
ECDH10B_0554	2
ECDH10B_0555	0
ECDH10B_0556	0
ECDH10B_0557	0
ECDH10B_0558	0
ECDH10B_0559	0
ECDH10B_0560	0
ECDH10B_0561	0
ECDH10B_0562	0
ECDH10B_0563	0
ECDH10B_0564	0
ECDH10B_0565	0
ECDH10B_0566	0
ECDH10B_0567	0
ECDH10B_0568	0
ECDH10B_0569	0
ECDH10B_0570	0
ECDH10B_0571	0
ECDH10B_0572	0
ECDH10B_0573	0
ECDH10B_0574	0
ECDH10B_0575	0
ECDH10B_0576	0
ECDH10B_0577	0
ECDH10B_0578	0
ECDH10B_0579	0
ECDH10B_0580	0
ECDH10B_0581	0
ECDH10B_0582	0
ECDH10B_0583	0
ECDH10B_0584	0
ECDH10B_0586	0
ECDH10B_0588	0
ECDH10B_0589	0
ECDH10B_0590	0
ECDH10B_0591	0
ECDH10B_0592	0
ECDH10B_0593	0
ECDH10B_0594	0
ECDH10B_0595	0
ECDH10B_0596	0
ECDH10B_0597	0
ECDH10B_0598	0
ECDH10B_0599	0
ECDH10B_0600	0
ECDH10B_0601	0
ECDH10B_0602	0
ECDH10B_0603	0
ECDH10B_0604	0
ECDH10B_0605	0
ECDH10B_0606	0
ECDH10B_0607	0
ECDH10B_0608	0
ECDH10B_0609	0
ECDH10B_0610	0
ECDH10B_0611	0
ECDH10B_0612	0
ECDH10B_0613	0
ECDH10B_0614	0
ECDH10B_0615	0
ECDH10B_0616	0
ECDH10B_0617	0
ECDH10B_0618	10
ECDH10B_0619	0
ECDH10B_0620	1
ECDH10B_0621	0
ECDH10B_0622	0
ECDH10B_0623	2
ECDH10B_0624	0
ECDH10B_0625	0
ECDH10B_0626	2
ECDH10B_0627	0
ECDH10B_0628	1
ECDH10B_0629	0
ECDH10B_0630	0
ECDH10B_0631	24
ECDH10B_0632	1
ECDH10B_0633	2
ECDH10B_0634	2
ECDH10B_0635	2
ECDH10B_0636	3
ECDH10B_0637	3
ECDH10B_0638	1
ECDH10B_0639	0
ECDH10B_0640	11
ECDH10B_0641	3
ECDH10B_0642	15
ECDH10B_0643	4
ECDH10B_0644	9
ECDH10B_0645	1
ECDH10B_0646	3
ECDH10B_0647	0
ECDH10B_0648	0
ECDH10B_0649	12
ECDH10B_0650	0
ECDH10B_0651	1
ECDH10B_0652	0
ECDH10B_0653	0
ECDH10B_0654	1
ECDH10B_0655	0
ECDH10B_0656	0
ECDH10B_0657	0
ECDH10B_0658	0
ECDH10B_0659	1
ECDH10B_0660	0
ECDH10B_0661	0
ECDH10B_0662	0
ECDH10B_0663	0
ECDH10B_0664	5
ECDH10B_0665	1
ECDH10B_0666	21
ECDH10B_0667	9
ECDH10B_0668	3
ECDH10B_0669	1
ECDH10B_0670	0
ECDH10B_0671	0
ECDH10B_0672	1
ECDH10B_0673	1
ECDH10B_0674	36
ECDH10B_0675	53
ECDH10B_0676	8
ECDH10B_0677	6
ECDH10B_0678	8
ECDH10B_0679	3
ECDH10B_0680	1
ECDH10B_0681	0
ECDH10B_0682	0
ECDH10B_0683	0
ECDH10B_0684	0
ECDH10B_0685	0
ECDH10B_0686	0
ECDH10B_0687	3
ECDH10B_0688	2
ECDH10B_0689	6
ECDH10B_0690	0
ECDH10B_0691	82
ECDH10B_0692	5
ECDH10B_0694	1
ECDH10B_0696	3
ECDH10B_0697	15
ECDH10B_0698	0
ECDH10B_0699	1
ECDH10B_0700	0
ECDH10B_0701	10
ECDH10B_0702	21
ECDH10B_0703	14
ECDH10B_0704	38
ECDH10B_0705	12
ECDH10B_0706	15
ECDH10B_0707	3
ECDH10B_0708	6
ECDH10B_0709	13
ECDH10B_0710	11
ECDH10B_0711	82
ECDH10B_0712	0
ECDH10B_0713	2
ECDH10B_0714	0
ECDH10B_0715	9
ECDH10B_0716	0
ECDH10B_0717	0
ECDH10B_0718	0
ECDH10B_0719	0
ECDH10B_0720	2
ECDH10B_0721	5
ECDH10B_0722	7
ECDH10B_0723	1
ECDH10B_0724	12
ECDH10B_0725	0
ECDH10B_0726	828
ECDH10B_0727	1014
ECDH10B_0728	358
ECDH10B_0729	587
ECDH10B_0730	885
ECDH10B_0731	566
ECDH10B_0732	10
ECDH10B_0733	38
ECDH10B_0734	195
ECDH10B_0735	31
ECDH10B_0736	194
ECDH10B_0737	120
ECDH10B_0738	24
ECDH10B_0739	729
ECDH10B_0740	344
ECDH10B_0741	403
ECDH10B_0742	238
ECDH10B_0743	59
ECDH10B_0744	507
ECDH10B_0745	2413
ECDH10B_0746	97
ECDH10B_0747	49
ECDH10B_0748	965
ECDH10B_0749	929
ECDH10B_0750	654
ECDH10B_0751	241
ECDH10B_0752	376
ECDH10B_0753	1088
ECDH10B_0754	38
ECDH10B_0756	34
ECDH10B_0758	23
ECDH10B_0759	13
ECDH10B_0760	59
ECDH10B_0761	98
ECDH10B_0762	16
ECDH10B_0763	23
ECDH10B_0764	27
ECDH10B_0765	0
ECDH10B_0766	114
ECDH10B_0767	267
ECDH10B_0768	10
ECDH10B_0769	40
ECDH10B_0770	37
ECDH10B_0771	9
ECDH10B_0772	77
ECDH10B_0773	2
ECDH10B_0774	31
ECDH10B_0775	237
ECDH10B_0776	147
ECDH10B_0777	277
ECDH10B_0778	164
ECDH10B_0779	315
ECDH10B_0780	256
ECDH10B_0781	74
ECDH10B_0782	148
ECDH10B_0783	45
ECDH10B_0784	6
ECDH10B_0785	16
ECDH10B_0786	17
ECDH10B_0787	978
ECDH10B_0788	603
ECDH10B_0789	188
ECDH10B_0790	1599
ECDH10B_0791	932
ECDH10B_0792	2902
ECDH10B_0793	2530
ECDH10B_0794	2213
ECDH10B_0795	1525
ECDH10B_0796	252
ECDH10B_0797	7
ECDH10B_0798	48
ECDH10B_0799	4986
ECDH10B_0800	3319
ECDH10B_0801	58
ECDH10B_0802	274
ECDH10B_0803	356
ECDH10B_0804	598
ECDH10B_0805	438
ECDH10B_0806	1822
ECDH10B_0807	4379
ECDH10B_0808	5666
ECDH10B_0809	2087
ECDH10B_0810	358
ECDH10B_0811	87
ECDH10B_0812	227
ECDH10B_0813	181
ECDH10B_0814	36
ECDH10B_0815	144
ECDH10B_0816	5
ECDH10B_0817	269
ECDH10B_0818	180
ECDH10B_0819	94
ECDH10B_0820	0
ECDH10B_0821	1310
ECDH10B_0822	1210
ECDH10B_0823	278
ECDH10B_0825	249
ECDH10B_0826	313
ECDH10B_0827	382
ECDH10B_0828	354
ECDH10B_0829	99
ECDH10B_0830	120
ECDH10B_0831	130
ECDH10B_0832	156
ECDH10B_0833	208
ECDH10B_0834	196
ECDH10B_0835	426
ECDH10B_0836	152
ECDH10B_0837	0
ECDH10B_0838	7
ECDH10B_0839	108
ECDH10B_0840	485
ECDH10B_0841	108
ECDH10B_0842	919
ECDH10B_0843	1008
ECDH10B_0844	1593
ECDH10B_0845	603
ECDH10B_0846	538
ECDH10B_0847	919
ECDH10B_0848	518
ECDH10B_0849	517
ECDH10B_0850	57
ECDH10B_0851	75
ECDH10B_0852	44
ECDH10B_0853	115
ECDH10B_0854	233
ECDH10B_0855	16
ECDH10B_0856	47
ECDH10B_0857	0
ECDH10B_0858	28
ECDH10B_0859	198
ECDH10B_0860	122
ECDH10B_0861	68
ECDH10B_0862	62
ECDH10B_0863	75
ECDH10B_0864	104
ECDH10B_0865	2621
ECDH10B_0866	159
ECDH10B_0867	760
ECDH10B_0868	83
ECDH10B_0869	313
ECDH10B_0870	89
ECDH10B_0871	21
ECDH10B_0872	24
ECDH10B_0873	95
ECDH10B_0874	34
ECDH10B_0875	96
ECDH10B_0876	58
ECDH10B_0877	65
ECDH10B_0878	102
ECDH10B_0879	133
ECDH10B_0880	75
ECDH10B_0881	230
ECDH10B_0882	2113
ECDH10B_0883	444
ECDH10B_0884	1086
ECDH10B_0886	397
ECDH10B_0887	260
ECDH10B_0888	624
ECDH10B_0889	1351
ECDH10B_0890	177
ECDH10B_0891	73
ECDH10B_0892	79
ECDH10B_0893	68
ECDH10B_0894	98
ECDH10B_0895	141
ECDH10B_0896	160
ECDH10B_0897	130
ECDH10B_0898	102
ECDH10B_0899	195
ECDH10B_0900	96
ECDH10B_0901	38
ECDH10B_0902	61
ECDH10B_0903	139
ECDH10B_0904	477
ECDH10B_0905	481
ECDH10B_0906	163
ECDH10B_0907	297
ECDH10B_0908	236
ECDH10B_0909	220
ECDH10B_0910	149
ECDH10B_0911	162
ECDH10B_0912	56
ECDH10B_0913	170
ECDH10B_0914	123
ECDH10B_0915	83
ECDH10B_0917	418
ECDH10B_0918	66
ECDH10B_0919	43
ECDH10B_0920	93
ECDH10B_0921	61
ECDH10B_0922	262
ECDH10B_0923	297
ECDH10B_0924	64
ECDH10B_0925	45
ECDH10B_0926	16
ECDH10B_0927	28
ECDH10B_0928	39
ECDH10B_0929	124
ECDH10B_0930	97
ECDH10B_0931	165
ECDH10B_0932	197
ECDH10B_0933	168
ECDH10B_0934	173
ECDH10B_0935	60
ECDH10B_0936	219
ECDH10B_0937	163
ECDH10B_0938	309
ECDH10B_0939	255
ECDH10B_0940	380
ECDH10B_0941	27
ECDH10B_0942	5
ECDH10B_0943	6
ECDH10B_0944	116
ECDH10B_0945	56
ECDH10B_0946	409
ECDH10B_0947	411
ECDH10B_0948	173
ECDH10B_0949	141
ECDH10B_0950	71
ECDH10B_0951	521
ECDH10B_0952	3491
ECDH10B_0953	10
ECDH10B_0954	1241
ECDH10B_0955	280
ECDH10B_0956	708
ECDH10B_0957	625
ECDH10B_0958	649
ECDH10B_0959	1599
ECDH10B_0960	3217
ECDH10B_0961	710
ECDH10B_0962	593
ECDH10B_0963	3751
ECDH10B_0964	958
ECDH10B_0965	444
ECDH10B_0966	559
ECDH10B_0967	105
ECDH10B_0968	248
ECDH10B_0969	26
ECDH10B_0970	27
ECDH10B_0971	56
ECDH10B_0972	649
ECDH10B_0973	17102
ECDH10B_0974	2330
ECDH10B_0975	1297
ECDH10B_0976	33
ECDH10B_0977	1063
ECDH10B_0978	673
ECDH10B_0979	10
ECDH10B_0980	1544
ECDH10B_0981	18087
ECDH10B_0982	220
ECDH10B_0983	198
ECDH10B_0984	1249
ECDH10B_0985	478
ECDH10B_0986	120
ECDH10B_0987	179
ECDH10B_0988	752
ECDH10B_0989	336
ECDH10B_0990	250
ECDH10B_0991	457
ECDH10B_0992	555
ECDH10B_0993	364
ECDH10B_0994	3170
ECDH10B_0995	447
ECDH10B_0996	416
ECDH10B_0997	1416
ECDH10B_0998	2103
ECDH10B_0999	5145
ECDH10B_1000	1771
ECDH10B_1001	2044
ECDH10B_1002	1430
ECDH10B_1003	176
ECDH10B_1004	7
ECDH10B_1005	9
ECDH10B_1006	0
ECDH10B_1007	25
ECDH10B_1008	0
ECDH10B_1009	13
ECDH10B_1010	26
ECDH10B_1011	39
ECDH10B_1012	17
ECDH10B_1013	25
ECDH10B_1014	69
ECDH10B_1015	500
ECDH10B_1016	387
ECDH10B_1017	495
ECDH10B_1018	1160
ECDH10B_1019	1203
ECDH10B_1020	519
ECDH10B_1021	530
ECDH10B_1022	366
ECDH10B_1023	179
ECDH10B_1024	1345
ECDH10B_1025	1264
ECDH10B_1026	74
ECDH10B_1027	20285
ECDH10B_1028	298
ECDH10B_1029	151
ECDH10B_1030	462
ECDH10B_1031	86
ECDH10B_1032	468
ECDH10B_1033	331
ECDH10B_1034	69
ECDH10B_1035	167
ECDH10B_1036	46
ECDH10B_1037	397
ECDH10B_1038	222
ECDH10B_1039	255
ECDH10B_1040	1919
ECDH10B_1041	12
ECDH10B_1042	18
ECDH10B_1043	23
ECDH10B_1044	8
ECDH10B_1045	2
ECDH10B_1046	0
ECDH10B_1047	18
ECDH10B_1048	50
ECDH10B_1049	13
ECDH10B_1050	39
ECDH10B_1051	57
ECDH10B_1052	13
ECDH10B_1053	16
ECDH10B_1054	54
ECDH10B_1055	40
ECDH10B_1056	60
ECDH10B_1057	124
ECDH10B_1058	93
ECDH10B_1059	229
ECDH10B_1060	194
ECDH10B_1061	7235
ECDH10B_1062	400
ECDH10B_1063	297
ECDH10B_1064	582
ECDH10B_1065	132
ECDH10B_1066	24
ECDH10B_1067	75
ECDH10B_1068	12
ECDH10B_1069	45
ECDH10B_1070	11
ECDH10B_1071	42
ECDH10B_1072	125
ECDH10B_1073	12
ECDH10B_1074	266
ECDH10B_1075	52
ECDH10B_1076	74
ECDH10B_1077	10
ECDH10B_1078	20
ECDH10B_1079	13
ECDH10B_1080	0
ECDH10B_1081	24
ECDH10B_1082	0
ECDH10B_1083	0
ECDH10B_1084	0
ECDH10B_1085	133
ECDH10B_1086	559
ECDH10B_1087	245
ECDH10B_1089	35
ECDH10B_1091	41
ECDH10B_1092	60
ECDH10B_1093	168
ECDH10B_1094	11
ECDH10B_1095	8
ECDH10B_1096	79
ECDH10B_1097	54
ECDH10B_1098	280
ECDH10B_1100	24
ECDH10B_1101	0
ECDH10B_1102	0
ECDH10B_1103	15
ECDH10B_1104	1
ECDH10B_1105	138
ECDH10B_1106	56
ECDH10B_1107	77
ECDH10B_1108	199
ECDH10B_1109	59
ECDH10B_1110	0
ECDH10B_1111	0
ECDH10B_1112	4
ECDH10B_1113	0
ECDH10B_1114	1
ECDH10B_1115	0
ECDH10B_1116	8
ECDH10B_1117	79
ECDH10B_1118	127
ECDH10B_1119	129
ECDH10B_1120	621
ECDH10B_1121	1259
ECDH10B_1122	141
ECDH10B_1123	113
ECDH10B_1124	69
ECDH10B_1125	211
ECDH10B_1126	174
ECDH10B_1127	36
ECDH10B_1128	27
ECDH10B_1129	0
ECDH10B_1130	195
ECDH10B_1131	597
ECDH10B_1132	42
ECDH10B_1133	437
ECDH10B_1134	225
ECDH10B_1135	145
ECDH10B_1136	157
ECDH10B_1137	112
ECDH10B_1138	123
ECDH10B_1139	103
ECDH10B_1140	253
ECDH10B_1141	97
ECDH10B_1142	62
ECDH10B_1143	18
ECDH10B_1144	0
ECDH10B_1145	14
ECDH10B_1146	0
ECDH10B_1147	8
ECDH10B_1148	0
ECDH10B_1149	16
ECDH10B_1150	0
ECDH10B_1151	20
ECDH10B_1152	7
ECDH10B_1153	20
ECDH10B_1154	152
ECDH10B_1155	5654
ECDH10B_1156	139
ECDH10B_1157	542
ECDH10B_1158	285
ECDH10B_1160	4540
ECDH10B_1161	1661
ECDH10B_1162	2245
ECDH10B_1163	1375
ECDH10B_1164	1814
ECDH10B_1165	3839
ECDH10B_1166	7091
ECDH10B_1167	4781
ECDH10B_1168	211
ECDH10B_1169	326
ECDH10B_1170	183
ECDH10B_1171	268
ECDH10B_1172	304
ECDH10B_1173	613
ECDH10B_1174	95
ECDH10B_1175	256
ECDH10B_1176	240
ECDH10B_1177	258
ECDH10B_1178	180
ECDH10B_1179	442
ECDH10B_1180	443
ECDH10B_1181	951
ECDH10B_1182	162
ECDH10B_1183	47
ECDH10B_1184	170
ECDH10B_1185	390
ECDH10B_1186	846
ECDH10B_1187	28
ECDH10B_1188	882
ECDH10B_1189	434
ECDH10B_1190	984
ECDH10B_1191	850
ECDH10B_1192	397
ECDH10B_1193	200
ECDH10B_1194	35
ECDH10B_1195	525
ECDH10B_1196	298
ECDH10B_1197	292
ECDH10B_1198	1505
ECDH10B_1199	774
ECDH10B_1200	1276
ECDH10B_1201	318
ECDH10B_1202	250
ECDH10B_1203	482
ECDH10B_1204	448
ECDH10B_1205	1074
ECDH10B_1206	97
ECDH10B_1207	273
ECDH10B_1208	3391
ECDH10B_1209	170
ECDH10B_1210	132
ECDH10B_1211	963
ECDH10B_1212	1752
ECDH10B_1213	79
ECDH10B_1214	58
ECDH10B_1215	6
ECDH10B_1216	0
ECDH10B_1217	7
ECDH10B_1218	10
ECDH10B_1220	85
ECDH10B_1222	67
ECDH10B_1223	8
ECDH10B_1224	10
ECDH10B_1225	0
ECDH10B_1226	0
ECDH10B_1227	86
ECDH10B_1228	747
ECDH10B_1229	563
ECDH10B_1230	117
ECDH10B_1231	129
ECDH10B_1232	44
ECDH10B_1233	162
ECDH10B_1234	48
ECDH10B_1235	12
ECDH10B_1236	0
ECDH10B_1237	34
ECDH10B_1238	161
ECDH10B_1239	479
ECDH10B_1240	895
ECDH10B_1241	58
ECDH10B_1242	503
ECDH10B_1243	584
ECDH10B_1244	680
ECDH10B_1245	133
ECDH10B_1246	166
ECDH10B_1247	123
ECDH10B_1248	21
ECDH10B_1249	7
ECDH10B_1250	151
ECDH10B_1251	1256
ECDH10B_1252	315
ECDH10B_1253	634
ECDH10B_1254	158
ECDH10B_1255	158
ECDH10B_1256	707
ECDH10B_1257	121
ECDH10B_1258	230
ECDH10B_1259	862
ECDH10B_1260	1683
ECDH10B_1261	877
ECDH10B_1262	209
ECDH10B_1263	1211
ECDH10B_1264	459
ECDH10B_1265	389
ECDH10B_1266	502
ECDH10B_1267	496
ECDH10B_1268	638
ECDH10B_1269	0
ECDH10B_1270	18
ECDH10B_1271	6
ECDH10B_1272	0
ECDH10B_1273	0
ECDH10B_1274	98
ECDH10B_1275	688
ECDH10B_1276	4
ECDH10B_1277	133
ECDH10B_1278	162
ECDH10B_1279	197
ECDH10B_1280	68
ECDH10B_1281	286
ECDH10B_1282	42
ECDH10B_1283	108
ECDH10B_1284	110
ECDH10B_1285	18
ECDH10B_1286	15
ECDH10B_1287	107
ECDH10B_1289	92
ECDH10B_1290	124
ECDH10B_1291	290
ECDH10B_1292	612
ECDH10B_1293	286
ECDH10B_1294	753
ECDH10B_1295	372
ECDH10B_1296	391
ECDH10B_1297	2121
ECDH10B_1298	46
ECDH10B_1300	251
ECDH10B_1302	11195
ECDH10B_1303	191
ECDH10B_1305	28357
ECDH10B_1306	2112
ECDH10B_1307	3257
ECDH10B_1308	3636
ECDH10B_1309	2539
ECDH10B_1310	234
ECDH10B_1311	581
ECDH10B_1312	72
ECDH10B_1313	51
ECDH10B_1314	13
ECDH10B_1315	0
ECDH10B_1316	0
ECDH10B_1317	21
ECDH10B_1318	24
ECDH10B_1319	22
ECDH10B_1320	0
ECDH10B_1321	15
ECDH10B_1322	17
ECDH10B_1323	0
ECDH10B_1324	0
ECDH10B_1325	0
ECDH10B_1326	0
ECDH10B_1327	286
ECDH10B_1328	492
ECDH10B_1329	15
ECDH10B_1330	8
ECDH10B_1331	13
ECDH10B_1332	0
ECDH10B_1333	7
ECDH10B_1334	65
ECDH10B_1335	24
ECDH10B_1336	6
ECDH10B_1337	21
ECDH10B_1338	0
ECDH10B_1339	0
ECDH10B_1340	0
ECDH10B_1341	0
ECDH10B_1342	0
ECDH10B_1343	247
ECDH10B_1344	64
ECDH10B_1345	12
ECDH10B_1346	1
ECDH10B_1347	63
ECDH10B_1348	0
ECDH10B_1349	8
ECDH10B_1350	6
ECDH10B_1351	28
ECDH10B_1352	0
ECDH10B_1353	0
ECDH10B_1354	1
ECDH10B_1355	5
ECDH10B_1356	9
ECDH10B_1357	4796
ECDH10B_1358	30
ECDH10B_1359	13
ECDH10B_1360	0
ECDH10B_1361	14
ECDH10B_1362	396
ECDH10B_1363	49
ECDH10B_1364	227
ECDH10B_1365	23
ECDH10B_1366	30
ECDH10B_1367	95
ECDH10B_1368	98
ECDH10B_1369	364
ECDH10B_1370	370
ECDH10B_1371	841
ECDH10B_1372	203
ECDH10B_1373	123
ECDH10B_1374	0
ECDH10B_1375	104
ECDH10B_1376	304
ECDH10B_1377	266
ECDH10B_1378	63
ECDH10B_1379	55
ECDH10B_1380	0
ECDH10B_1381	322
ECDH10B_1382	218
ECDH10B_1383	282
ECDH10B_1384	1172
ECDH10B_1385	274
ECDH10B_1386	69
ECDH10B_1387	628
ECDH10B_1388	459
ECDH10B_1389	3304
ECDH10B_1390	1155
ECDH10B_1391	63
ECDH10B_1392	92
ECDH10B_1393	627
ECDH10B_1394	293
ECDH10B_1395	332
ECDH10B_1396	295
ECDH10B_1397	545
ECDH10B_1398	279
ECDH10B_1399	49
ECDH10B_1400	23
ECDH10B_1401	227
ECDH10B_1402	110
ECDH10B_1403	850
ECDH10B_1404	65
ECDH10B_1405	2359
ECDH10B_1406	65
ECDH10B_1407	197
ECDH10B_1408	96
ECDH10B_1409	95
ECDH10B_1410	67
ECDH10B_1411	226
ECDH10B_1412	385
ECDH10B_1413	132
ECDH10B_1414	375
ECDH10B_1415	287
ECDH10B_1416	420
ECDH10B_1417	53
ECDH10B_1418	17
ECDH10B_1419	63
ECDH10B_1420	126
ECDH10B_1421	212
ECDH10B_1422	6
ECDH10B_1423	4
ECDH10B_1424	30
ECDH10B_1425	253
ECDH10B_1426	0
ECDH10B_1427	0
ECDH10B_1428	16
ECDH10B_1429	0
ECDH10B_1430	12
ECDH10B_1431	0
ECDH10B_1432	34
ECDH10B_1433	18
ECDH10B_1434	0
ECDH10B_1436	0
ECDH10B_1438	0
ECDH10B_1439	56
ECDH10B_1440	71
ECDH10B_1441	54
ECDH10B_1442	876
ECDH10B_1443	1633
ECDH10B_1444	410
ECDH10B_1445	284
ECDH10B_1446	5
ECDH10B_1447	33
ECDH10B_1448	136
ECDH10B_1449	326
ECDH10B_1450	140
ECDH10B_1451	1
ECDH10B_1452	688
ECDH10B_1453	1237
ECDH10B_1454	1873
ECDH10B_1455	118
ECDH10B_1456	56
ECDH10B_1457	21
ECDH10B_1458	13
ECDH10B_1459	100
ECDH10B_1461	96
ECDH10B_1462	122
ECDH10B_1463	148
ECDH10B_1464	708
ECDH10B_1465	706
ECDH10B_1466	76
ECDH10B_1467	0
ECDH10B_1468	0
ECDH10B_1469	0
ECDH10B_1470	12
ECDH10B_1471	84
ECDH10B_1472	9
ECDH10B_1473	0
ECDH10B_1474	11
ECDH10B_1475	64
ECDH10B_1476	12
ECDH10B_1477	13
ECDH10B_1478	434
ECDH10B_1479	21
ECDH10B_1480	18
ECDH10B_1481	17
ECDH10B_1482	18
ECDH10B_1483	0
ECDH10B_1484	0
ECDH10B_1485	0
ECDH10B_1486	100
ECDH10B_1487	31
ECDH10B_1488	95
ECDH10B_1489	19
ECDH10B_1490	12
ECDH10B_1492	46
ECDH10B_1494	72
ECDH10B_1495	1
ECDH10B_1496	191
ECDH10B_1497	69
ECDH10B_1499	153
ECDH10B_1500	0
ECDH10B_1501	30
ECDH10B_1502	697
ECDH10B_1503	213
ECDH10B_1504	167
ECDH10B_1505	88
ECDH10B_1506	198
ECDH10B_1507	16
ECDH10B_1508	27
ECDH10B_1509	88
ECDH10B_1510	32
ECDH10B_1511	20
ECDH10B_1512	0
ECDH10B_1513	25
ECDH10B_1514	0
ECDH10B_1515	12
ECDH10B_1516	0
ECDH10B_1517	14
ECDH10B_1518	0
ECDH10B_1519	16
ECDH10B_1520	15
ECDH10B_1521	0
ECDH10B_1522	34
ECDH10B_1523	73
ECDH10B_1524	105
ECDH10B_1525	103
ECDH10B_1527	550
ECDH10B_1528	38
ECDH10B_1529	4
ECDH10B_1530	0
ECDH10B_1532	0
ECDH10B_1533	38
ECDH10B_1534	0
ECDH10B_1535	0
ECDH10B_1536	5
ECDH10B_1537	60
ECDH10B_1538	37
ECDH10B_1539	595
ECDH10B_1540	68
ECDH10B_1541	462
ECDH10B_1543	1543
ECDH10B_1544	215
ECDH10B_1545	136
ECDH10B_1546	0
ECDH10B_1547	179
ECDH10B_1548	0
ECDH10B_1549	174
ECDH10B_1550	262
ECDH10B_1551	28
ECDH10B_1552	359
ECDH10B_1553	51
ECDH10B_1554	48
ECDH10B_1555	55
ECDH10B_1556	78
ECDH10B_1557	33
ECDH10B_1558	91
ECDH10B_1560	47
ECDH10B_1562	202
ECDH10B_1563	60
ECDH10B_1564	10
ECDH10B_1565	315
ECDH10B_1566	56
ECDH10B_1567	16
ECDH10B_1568	31
ECDH10B_1569	166
ECDH10B_1570	15
ECDH10B_1571	19
ECDH10B_1572	41
ECDH10B_1573	35
ECDH10B_1574	43
ECDH10B_1575	36
ECDH10B_1576	414
ECDH10B_1577	312
ECDH10B_1578	57
ECDH10B_1579	82
ECDH10B_1580	59
ECDH10B_1581	114
ECDH10B_1582	234
ECDH10B_1583	226
ECDH10B_1584	24
ECDH10B_1585	0
ECDH10B_1586	24
ECDH10B_1587	101
ECDH10B_1589	58
ECDH10B_1591	5
ECDH10B_1592	39
ECDH10B_1593	24
ECDH10B_1594	55
ECDH10B_1595	232
ECDH10B_1596	12
ECDH10B_1597	13
ECDH10B_1598	8
ECDH10B_1599	100
ECDH10B_1600	21
ECDH10B_1601	0
ECDH10B_1602	0
ECDH10B_1603	0
ECDH10B_1604	73
ECDH10B_1605	249
ECDH10B_1606	62
ECDH10B_1607	53
ECDH10B_1608	408
ECDH10B_1609	334
ECDH10B_1610	938
ECDH10B_1611	173
ECDH10B_1612	10
ECDH10B_1613	32
ECDH10B_1614	10
ECDH10B_1615	41
ECDH10B_1616	25
ECDH10B_1617	7
ECDH10B_1618	0
ECDH10B_1619	0
ECDH10B_1620	13
ECDH10B_1621	25
ECDH10B_1622	117
ECDH10B_1623	24
ECDH10B_1624	24
ECDH10B_1625	17
ECDH10B_1626	18
ECDH10B_1627	0
ECDH10B_1628	0
ECDH10B_1629	41
ECDH10B_1630	0
ECDH10B_1631	61
ECDH10B_1632	0
ECDH10B_1633	0
ECDH10B_1636	10
ECDH10B_1638	51
ECDH10B_1639	21
ECDH10B_1640	16
ECDH10B_1641	141
ECDH10B_1642	42
ECDH10B_1643	12
ECDH10B_1644	0
ECDH10B_1645	0
ECDH10B_1646	0
ECDH10B_1647	22
ECDH10B_1648	0
ECDH10B_1649	12
ECDH10B_1650	32
ECDH10B_1651	130
ECDH10B_1653	379
ECDH10B_1654	84
ECDH10B_1655	307
ECDH10B_1656	153
ECDH10B_1657	52
ECDH10B_1658	6
ECDH10B_1659	67
ECDH10B_1660	121
ECDH10B_1661	87
ECDH10B_1662	38
ECDH10B_1663	12
ECDH10B_1664	104
ECDH10B_1665	139
ECDH10B_1666	341
ECDH10B_1667	26
ECDH10B_1668	19
ECDH10B_1669	314
ECDH10B_1670	464
ECDH10B_1671	482
ECDH10B_1672	269
ECDH10B_1673	145
ECDH10B_1674	19
ECDH10B_1675	419
ECDH10B_1676	449
ECDH10B_1677	17
ECDH10B_1678	18
ECDH10B_1679	12
ECDH10B_1680	6
ECDH10B_1681	0
ECDH10B_1682	316
ECDH10B_1683	187
ECDH10B_1684	2158
ECDH10B_1685	355
ECDH10B_1686	114
ECDH10B_1687	30
ECDH10B_1688	19
ECDH10B_1689	3239
ECDH10B_1690	789
ECDH10B_1691	59
ECDH10B_1693	0
ECDH10B_1694	7
ECDH10B_1695	137
ECDH10B_1696	79
ECDH10B_1697	38
ECDH10B_1698	30
ECDH10B_1699	12
ECDH10B_1700	0
ECDH10B_1701	0
ECDH10B_1702	188
ECDH10B_1703	9
ECDH10B_1704	36
ECDH10B_1705	14
ECDH10B_1706	0
ECDH10B_1707	0
ECDH10B_1708	0
ECDH10B_1709	0
ECDH10B_1710	13
ECDH10B_1713	87
ECDH10B_1714	5
ECDH10B_1715	71
ECDH10B_1716	168
ECDH10B_1717	208
ECDH10B_1718	177
ECDH10B_1719	64
ECDH10B_1720	351
ECDH10B_1721	561
ECDH10B_1722	72
ECDH10B_1723	324
ECDH10B_1724	344
ECDH10B_1725	187
ECDH10B_1726	467
ECDH10B_1727	204
ECDH10B_1728	19
ECDH10B_1729	170
ECDH10B_1730	46
ECDH10B_1731	330
ECDH10B_1732	207
ECDH10B_1733	274
ECDH10B_1734	238
ECDH10B_1735	689
ECDH10B_1736	838
ECDH10B_1737	598
ECDH10B_1738	179
ECDH10B_1739	254
ECDH10B_1740	179
ECDH10B_1741	94
ECDH10B_1742	154
ECDH10B_1743	186
ECDH10B_1744	203
ECDH10B_1745	888
ECDH10B_1746	178
ECDH10B_1747	814
ECDH10B_1748	0
ECDH10B_1749	68
ECDH10B_1750	131
ECDH10B_1751	308
ECDH10B_1752	113
ECDH10B_1753	167
ECDH10B_1754	117
ECDH10B_1755	193
ECDH10B_1756	179
ECDH10B_1757	50
ECDH10B_1759	680
ECDH10B_1760	641
ECDH10B_1761	293
ECDH10B_1762	387
ECDH10B_1763	931
ECDH10B_1764	314
ECDH10B_1765	178
ECDH10B_1766	177
ECDH10B_1767	157
ECDH10B_1768	723
ECDH10B_1769	178
ECDH10B_1770	553
ECDH10B_1771	1344
ECDH10B_1772	198
ECDH10B_1773	22
ECDH10B_1774	240
ECDH10B_1775	1046
ECDH10B_1776	1367
ECDH10B_1778	83
ECDH10B_1779	276
ECDH10B_1780	217
ECDH10B_1781	205
ECDH10B_1782	32
ECDH10B_1783	73
ECDH10B_1784	128
ECDH10B_1785	391
ECDH10B_1786	214
ECDH10B_1787	517
ECDH10B_1788	671
ECDH10B_1789	214
ECDH10B_1790	1570
ECDH10B_1791	408
ECDH10B_1793	276
ECDH10B_1794	161
ECDH10B_1795	462
ECDH10B_1796	185
ECDH10B_1797	603
ECDH10B_1798	496
ECDH10B_1799	0
ECDH10B_1800	0
ECDH10B_1801	285
ECDH10B_1802	114
ECDH10B_1803	74
ECDH10B_1804	77
ECDH10B_1805	39
ECDH10B_1806	58
ECDH10B_1807	145
ECDH10B_1808	59
ECDH10B_1809	291
ECDH10B_1810	3154
ECDH10B_1811	10834
ECDH10B_1812	119
ECDH10B_1813	20
ECDH10B_1814	79
ECDH10B_1815	64
ECDH10B_1816	4
ECDH10B_1817	5
ECDH10B_1818	1
ECDH10B_1820	52
ECDH10B_1821	236
ECDH10B_1822	861
ECDH10B_1823	239
ECDH10B_1825	0
ECDH10B_1826	0
ECDH10B_1827	0
ECDH10B_1828	15
ECDH10B_1829	33
ECDH10B_1831	0
ECDH10B_1832	21
ECDH10B_1833	11
ECDH10B_1834	2
ECDH10B_1835	20
ECDH10B_1836	0
ECDH10B_1837	13
ECDH10B_1838	186
ECDH10B_1839	79
ECDH10B_1840	378
ECDH10B_1841	222
ECDH10B_1842	1005
ECDH10B_1843	302
ECDH10B_1844	83
ECDH10B_1845	111
ECDH10B_1846	164
ECDH10B_1847	221
ECDH10B_1848	211
ECDH10B_1849	4982
ECDH10B_1850	1928
ECDH10B_1851	32
ECDH10B_1852	4840
ECDH10B_1853	6187
ECDH10B_1855	9919
ECDH10B_1859	49
ECDH10B_1860	132
ECDH10B_1861	95
ECDH10B_1862	80
ECDH10B_1863	335
ECDH10B_1864	182
ECDH10B_1865	155
ECDH10B_1866	11
ECDH10B_1867	226
ECDH10B_1868	56
ECDH10B_1869	38
ECDH10B_1870	143
ECDH10B_1871	195
ECDH10B_1872	73
ECDH10B_1873	91
ECDH10B_1874	52
ECDH10B_1875	144
ECDH10B_1876	75
ECDH10B_1877	60
ECDH10B_1878	328
ECDH10B_1879	171
ECDH10B_1880	33
ECDH10B_1881	59
ECDH10B_1882	21
ECDH10B_1883	13
ECDH10B_1884	0
ECDH10B_1885	1
ECDH10B_1886	15
ECDH10B_1887	282
ECDH10B_1888	158
ECDH10B_1889	239
ECDH10B_1890	110
ECDH10B_1891	166
ECDH10B_1892	269
ECDH10B_1893	265
ECDH10B_1894	43
ECDH10B_1895	1318
ECDH10B_1896	590
ECDH10B_1897	22
ECDH10B_1898	29
ECDH10B_1899	758
ECDH10B_1900	231
ECDH10B_1901	1048
ECDH10B_1902	928
ECDH10B_1903	361
ECDH10B_1904	404
ECDH10B_1905	315
ECDH10B_1906	328
ECDH10B_1907	111
ECDH10B_1908	95
ECDH10B_1909	19
ECDH10B_1910	15
ECDH10B_1912	15
ECDH10B_1913	1
ECDH10B_1914	82
ECDH10B_1915	298
ECDH10B_1916	586
ECDH10B_1917	11909
ECDH10B_1918	243
ECDH10B_1919	237
ECDH10B_1920	1020
ECDH10B_1921	116
ECDH10B_1922	63
ECDH10B_1923	133
ECDH10B_1924	247
ECDH10B_1925	287
ECDH10B_1926	88
ECDH10B_1927	172
ECDH10B_1928	149
ECDH10B_1929	8
ECDH10B_1930	84
ECDH10B_1931	101
ECDH10B_1932	304
ECDH10B_1933	62
ECDH10B_1934	0
ECDH10B_1935	0
ECDH10B_1936	71
ECDH10B_1937	24
ECDH10B_1938	25
ECDH10B_1939	0
ECDH10B_1940	6
ECDH10B_1941	96
ECDH10B_1942	264
ECDH10B_1943	198
ECDH10B_1944	234
ECDH10B_1945	396
ECDH10B_1946	459
ECDH10B_1947	451
ECDH10B_1948	242
ECDH10B_1949	139
ECDH10B_1951	62
ECDH10B_1952	1215
ECDH10B_1953	230
ECDH10B_1954	734
ECDH10B_1955	1558
ECDH10B_1956	892
ECDH10B_1957	1023
ECDH10B_1958	142
ECDH10B_1959	113
ECDH10B_1960	307
ECDH10B_1961	567
ECDH10B_1962	2051
ECDH10B_1963	561
ECDH10B_1964	249
ECDH10B_1965	113
ECDH10B_1966	183
ECDH10B_1967	76
ECDH10B_1968	1989
ECDH10B_1969	2963
ECDH10B_1970	2086
ECDH10B_1971	602
ECDH10B_1972	204
ECDH10B_1973	313
ECDH10B_1974	123
ECDH10B_1975	10
ECDH10B_1976	43
ECDH10B_1977	126
ECDH10B_1980	261
ECDH10B_1981	563
ECDH10B_1982	580
ECDH10B_1983	103
ECDH10B_1984	186
ECDH10B_1985	194
ECDH10B_1986	355
ECDH10B_1987	380
ECDH10B_1988	168
ECDH10B_1989	260
ECDH10B_1990	149
ECDH10B_1991	278
ECDH10B_1992	173
ECDH10B_1993	915
ECDH10B_1994	146
ECDH10B_1995	2237
ECDH10B_1996	446
ECDH10B_1997	265
ECDH10B_1998	255
ECDH10B_1999	311
ECDH10B_2000	243
ECDH10B_2001	333
ECDH10B_2002	164
ECDH10B_2003	432
ECDH10B_2004	851
ECDH10B_2005	1358
ECDH10B_2006	1710
ECDH10B_2007	1923
ECDH10B_2008	35
ECDH10B_2009	32
ECDH10B_2010	295
ECDH10B_2011	117
ECDH10B_2012	381
ECDH10B_2013	63
ECDH10B_2014	4
ECDH10B_2015	178
ECDH10B_2016	104
ECDH10B_2017	646
ECDH10B_2018	6
ECDH10B_2019	17
ECDH10B_2020	28
ECDH10B_2021	9
ECDH10B_2022	0
ECDH10B_2023	0
ECDH10B_2024	0
ECDH10B_2025	14
ECDH10B_2026	14
ECDH10B_2027	0
ECDH10B_2028	14
ECDH10B_2030	49
ECDH10B_2031	64
ECDH10B_2033	405
ECDH10B_2036	2
ECDH10B_2037	54
ECDH10B_2038	20
ECDH10B_2039	17
ECDH10B_2040	95
ECDH10B_2041	23
ECDH10B_2042	263
ECDH10B_2043	359
ECDH10B_2045	6
ECDH10B_2046	669
ECDH10B_2047	198
ECDH10B_2048	160
ECDH10B_2049	1157
ECDH10B_2050	31
ECDH10B_2051	32
ECDH10B_2052	246
ECDH10B_2053	473
ECDH10B_2054	1388
ECDH10B_2055	920
ECDH10B_2056	22
ECDH10B_2057	326
ECDH10B_2058	200
ECDH10B_2059	68
ECDH10B_2060	131
ECDH10B_2061	201
ECDH10B_2062	9
ECDH10B_2063	11
ECDH10B_2065	61
ECDH10B_2066	0
ECDH10B_2067	0
ECDH10B_2068	270
ECDH10B_2069	346
ECDH10B_2070	821
ECDH10B_2071	9
ECDH10B_2072	40
ECDH10B_2073	26
ECDH10B_2077	0
ECDH10B_2078	8
ECDH10B_2079	8
ECDH10B_2080	0
ECDH10B_2081	18
ECDH10B_2082	0
ECDH10B_2083	0
ECDH10B_2084	0
ECDH10B_2085	14
ECDH10B_2086	0
ECDH10B_2087	3
ECDH10B_2088	0
ECDH10B_2089	0
ECDH10B_2090	16
ECDH10B_2091	0
ECDH10B_2092	28
ECDH10B_2093	123
ECDH10B_2094	81
ECDH10B_2095	14
ECDH10B_2096	19
ECDH10B_2097	62
ECDH10B_2098	328
ECDH10B_2099	135
ECDH10B_2100	574
ECDH10B_2101	296
ECDH10B_2102	273
ECDH10B_2103	216
ECDH10B_2104	175
ECDH10B_2105	53
ECDH10B_2110	54
ECDH10B_2111	183
ECDH10B_2112	86
ECDH10B_2113	0
ECDH10B_2115	0
ECDH10B_2116	0
ECDH10B_2117	22
ECDH10B_2118	35
ECDH10B_2119	124
ECDH10B_2120	0
ECDH10B_2121	258
ECDH10B_2125	408
ECDH10B_2126	530
ECDH10B_2127	728
ECDH10B_2128	13
ECDH10B_2129	46
ECDH10B_2130	67
ECDH10B_2131	363
ECDH10B_2132	75
ECDH10B_2133	0
ECDH10B_2134	212
ECDH10B_2135	210
ECDH10B_2136	64
ECDH10B_2137	76
ECDH10B_2138	80
ECDH10B_2141	31
ECDH10B_2142	0
ECDH10B_2144	24
ECDH10B_2146	339
ECDH10B_2147	48
ECDH10B_2148	13
ECDH10B_2149	0
ECDH10B_2150	0
ECDH10B_2151	0
ECDH10B_2152	40
ECDH10B_2153	110
ECDH10B_2154	1016
ECDH10B_2155	132
ECDH10B_2156	54
ECDH10B_2157	132
ECDH10B_2158	387
ECDH10B_2159	39
ECDH10B_2160	56
ECDH10B_2161	394
ECDH10B_2162	195
ECDH10B_2163	672
ECDH10B_2164	114
ECDH10B_2165	85
ECDH10B_2166	9
ECDH10B_2167	568
ECDH10B_2168	545
ECDH10B_2169	510
ECDH10B_2170	593
ECDH10B_2171	381
ECDH10B_2172	280
ECDH10B_2173	563
ECDH10B_2174	702
ECDH10B_2175	1852
ECDH10B_2176	244
ECDH10B_2177	4314
ECDH10B_2180	17
ECDH10B_2182	1162
ECDH10B_2183	503
ECDH10B_2184	582
ECDH10B_2185	725
ECDH10B_2186	1191
ECDH10B_2187	1501
ECDH10B_2188	402
ECDH10B_2189	1442
ECDH10B_2190	955
ECDH10B_2191	1831
ECDH10B_2192	933
ECDH10B_2193	35
ECDH10B_2194	8
ECDH10B_2195	0
ECDH10B_2196	40
ECDH10B_2197	11
ECDH10B_2198	18
ECDH10B_2199	28
ECDH10B_2200	10
ECDH10B_2201	12
ECDH10B_2202	42
ECDH10B_2203	9
ECDH10B_2204	0
ECDH10B_2205	0
ECDH10B_2206	0
ECDH10B_2207	0
ECDH10B_2208	13
ECDH10B_2209	0
ECDH10B_2210	27
ECDH10B_2211	0
ECDH10B_2212	12
ECDH10B_2213	336
ECDH10B_2214	695
ECDH10B_2215	712
ECDH10B_2216	286
ECDH10B_2217	306
ECDH10B_2218	133
ECDH10B_2219	218
ECDH10B_2220	85
ECDH10B_2221	17
ECDH10B_2222	39
ECDH10B_2223	13
ECDH10B_2226	80
ECDH10B_2227	73
ECDH10B_2228	148
ECDH10B_2229	31
ECDH10B_2230	55
ECDH10B_2231	100
ECDH10B_2232	6
ECDH10B_2233	319
ECDH10B_2235	7
ECDH10B_2237	19
ECDH10B_2238	47
ECDH10B_2242	0
ECDH10B_2243	52
ECDH10B_2244	587
ECDH10B_2245	810
ECDH10B_2246	133
ECDH10B_2247	630
ECDH10B_2249	2605
ECDH10B_2250	31
ECDH10B_2251	109
ECDH10B_2252	87
ECDH10B_2253	235
ECDH10B_2254	178
ECDH10B_2255	17
ECDH10B_2256	54
ECDH10B_2257	35
ECDH10B_2258	91
ECDH10B_2259	31
ECDH10B_2260	29
ECDH10B_2262	52
ECDH10B_2263	12
ECDH10B_2264	50
ECDH10B_2265	69
ECDH10B_2266	838
ECDH10B_2267	1134
ECDH10B_2272	88
ECDH10B_2273	0
ECDH10B_2274	0
ECDH10B_2275	41
ECDH10B_2276	0
ECDH10B_2277	100
ECDH10B_2278	193
ECDH10B_2279	340
ECDH10B_2280	180
ECDH10B_2281	147
ECDH10B_2282	42
ECDH10B_2283	384
ECDH10B_2284	551
ECDH10B_2285	90
ECDH10B_2286	34
ECDH10B_2287	8
ECDH10B_2288	396
ECDH10B_2289	682
ECDH10B_2290	208
ECDH10B_2291	45
ECDH10B_2292	184
ECDH10B_2293	83
ECDH10B_2294	0
ECDH10B_2296	0
ECDH10B_2297	99
ECDH10B_2298	282
ECDH10B_2299	163
ECDH10B_2300	142
ECDH10B_2301	44
ECDH10B_2302	35
ECDH10B_2303	64
ECDH10B_2304	64
ECDH10B_2305	11
ECDH10B_2307	87
ECDH10B_2308	264
ECDH10B_2309	294
ECDH10B_2310	257
ECDH10B_2311	320
ECDH10B_2312	172
ECDH10B_2313	443
ECDH10B_2314	544
ECDH10B_2315	204
ECDH10B_2316	258
ECDH10B_2317	273
ECDH10B_2318	16
ECDH10B_2319	15
ECDH10B_2320	14
ECDH10B_2321	32
ECDH10B_2322	35
ECDH10B_2323	35
ECDH10B_2324	7881
ECDH10B_2325	4367
ECDH10B_2327	418
ECDH10B_2328	202
ECDH10B_2329	466
ECDH10B_2330	361
ECDH10B_2331	88
ECDH10B_2332	113
ECDH10B_2333	786
ECDH10B_2334	314
ECDH10B_2335	217
ECDH10B_2336	115
ECDH10B_2337	142
ECDH10B_2338	1794
ECDH10B_2339	594
ECDH10B_2340	561
ECDH10B_2341	473
ECDH10B_2342	278
ECDH10B_2343	2021
ECDH10B_2344	590
ECDH10B_2345	194
ECDH10B_2346	1105
ECDH10B_2347	12
ECDH10B_2348	388
ECDH10B_2349	18
ECDH10B_2350	189
ECDH10B_2351	370
ECDH10B_2352	155
ECDH10B_2353	322
ECDH10B_2354	102
ECDH10B_2355	84
ECDH10B_2356	201
ECDH10B_2357	56
ECDH10B_2358	216
ECDH10B_2359	581
ECDH10B_2360	239
ECDH10B_2361	371
ECDH10B_2362	308
ECDH10B_2363	1431
ECDH10B_2364	83
ECDH10B_2365	126
ECDH10B_2366	376
ECDH10B_2367	902
ECDH10B_2368	481
ECDH10B_2369	21
ECDH10B_2370	142
ECDH10B_2371	172
ECDH10B_2372	312
ECDH10B_2373	11
ECDH10B_2374	1461
ECDH10B_2375	596
ECDH10B_2376	954
ECDH10B_2377	52
ECDH10B_2378	40
ECDH10B_2379	0
ECDH10B_2380	5
ECDH10B_2381	0
ECDH10B_2382	14
ECDH10B_2383	0
ECDH10B_2384	16
ECDH10B_2388	56
ECDH10B_2389	142
ECDH10B_2390	5615
ECDH10B_2391	434
ECDH10B_2392	376
ECDH10B_2393	3406
ECDH10B_2394	1118
ECDH10B_2395	151
ECDH10B_2396	247
ECDH10B_2397	103
ECDH10B_2398	2880
ECDH10B_2399	3354
ECDH10B_2400	1405
ECDH10B_2401	1073
ECDH10B_2402	1287
ECDH10B_2403	169
ECDH10B_2404	42
ECDH10B_2405	57
ECDH10B_2406	0
ECDH10B_2407	0
ECDH10B_2408	11
ECDH10B_2409	155
ECDH10B_2410	29
ECDH10B_2411	27
ECDH10B_2412	31
ECDH10B_2413	0
ECDH10B_2414	0
ECDH10B_2415	0
ECDH10B_2416	0
ECDH10B_2417	0
ECDH10B_2418	0
ECDH10B_2419	0
ECDH10B_2420	0
ECDH10B_2421	0
ECDH10B_2422	0
ECDH10B_2423	0
ECDH10B_2424	0
ECDH10B_2425	0
ECDH10B_2426	0
ECDH10B_2427	0
ECDH10B_2428	0
ECDH10B_2431	0
ECDH10B_2433	16
ECDH10B_2434	0
ECDH10B_2435	4
ECDH10B_2436	59
ECDH10B_2437	73
ECDH10B_2438	1655
ECDH10B_2439	1758
ECDH10B_2440	4161
ECDH10B_2441	215
ECDH10B_2442	932
ECDH10B_2443	904
ECDH10B_2444	1217
ECDH10B_2445	4113
ECDH10B_2446	2176
ECDH10B_2447	1311
ECDH10B_2448	3531
ECDH10B_2449	1255
ECDH10B_2450	1681
ECDH10B_2451	293
ECDH10B_2452	894
ECDH10B_2453	264
ECDH10B_2455	141
ECDH10B_2456	246
ECDH10B_2457	58
ECDH10B_2458	3520
ECDH10B_2459	4893
ECDH10B_2460	249
ECDH10B_2461	318
ECDH10B_2462	437
ECDH10B_2463	128
ECDH10B_2464	8
ECDH10B_2465	277
ECDH10B_2466	303
ECDH10B_2467	256
ECDH10B_2468	67
ECDH10B_2469	48
ECDH10B_2470	77
ECDH10B_2471	263
ECDH10B_2472	175
ECDH10B_2473	68
ECDH10B_2474	284
ECDH10B_2475	421
ECDH10B_2476	492
ECDH10B_2477	745
ECDH10B_2478	1572
ECDH10B_2479	690
ECDH10B_2480	238
ECDH10B_2481	417
ECDH10B_2482	435
ECDH10B_2483	345
ECDH10B_2484	237
ECDH10B_2485	2831
ECDH10B_2486	571
ECDH10B_2487	543
ECDH10B_2488	276
ECDH10B_2489	364
ECDH10B_2490	292
ECDH10B_2491	737
ECDH10B_2492	494
ECDH10B_2493	564
ECDH10B_2494	391
ECDH10B_2495	0
ECDH10B_2496	0
ECDH10B_2497	0
ECDH10B_2498	9
ECDH10B_2499	8
ECDH10B_2500	180
ECDH10B_2502	0
ECDH10B_2503	232
ECDH10B_2504	326
ECDH10B_2505	202
ECDH10B_2506	321
ECDH10B_2507	1316
ECDH10B_2508	119
ECDH10B_2509	302
ECDH10B_2510	39
ECDH10B_2511	31
ECDH10B_2512	171
ECDH10B_2513	167
ECDH10B_2514	457
ECDH10B_2515	594
ECDH10B_2516	86
ECDH10B_2517	90
ECDH10B_2518	0
ECDH10B_2519	0
ECDH10B_2520	0
ECDH10B_2521	0
ECDH10B_2522	0
ECDH10B_2523	15
ECDH10B_2524	0
ECDH10B_2525	0
ECDH10B_2526	0
ECDH10B_2527	0
ECDH10B_2528	317
ECDH10B_2529	47
ECDH10B_2530	69
ECDH10B_2531	58
ECDH10B_2532	15
ECDH10B_2533	14
ECDH10B_2534	258
ECDH10B_2536	53
ECDH10B_2537	23
ECDH10B_2538	45
ECDH10B_2539	18
ECDH10B_2540	0
ECDH10B_2541	84
ECDH10B_2542	140
ECDH10B_2543	1777
ECDH10B_2544	278
ECDH10B_2545	148
ECDH10B_2546	51
ECDH10B_2547	85
ECDH10B_2548	105
ECDH10B_2549	0
ECDH10B_2550	6
ECDH10B_2551	0
ECDH10B_2552	10
ECDH10B_2553	348
ECDH10B_2554	96
ECDH10B_2555	76
ECDH10B_2556	355
ECDH10B_2557	197
ECDH10B_2558	0
ECDH10B_2559	440
ECDH10B_2560	0
ECDH10B_2561	110
ECDH10B_2562	298
ECDH10B_2563	133
ECDH10B_2564	2181
ECDH10B_2565	107
ECDH10B_2566	72
ECDH10B_2567	3
ECDH10B_2568	0
ECDH10B_2569	42
ECDH10B_2570	11
ECDH10B_2571	0
ECDH10B_2572	32
ECDH10B_2573	111
ECDH10B_2574	402
ECDH10B_2575	174
ECDH10B_2576	866
ECDH10B_2577	997
ECDH10B_2578	80
ECDH10B_2579	600
ECDH10B_2580	1065
ECDH10B_2581	6896
ECDH10B_2582	1093
ECDH10B_2583	192
ECDH10B_2584	5
ECDH10B_2585	98
ECDH10B_2586	195
ECDH10B_2587	51
ECDH10B_2588	9
ECDH10B_2589	61
ECDH10B_2590	68
ECDH10B_2591	1390
ECDH10B_2592	16
ECDH10B_2593	103
ECDH10B_2594	57
ECDH10B_2595	40
ECDH10B_2596	1145
ECDH10B_2597	262
ECDH10B_2598	36
ECDH10B_2599	181
ECDH10B_2600	211
ECDH10B_2601	272
ECDH10B_2602	245
ECDH10B_2603	0
ECDH10B_2604	55
ECDH10B_2605	52
ECDH10B_2606	1941
ECDH10B_2607	429
ECDH10B_2608	76
ECDH10B_2609	14
ECDH10B_2610	0
ECDH10B_2611	0
ECDH10B_2612	17
ECDH10B_2613	6
ECDH10B_2614	22
ECDH10B_2615	105
ECDH10B_2616	35
ECDH10B_2617	2
ECDH10B_2618	9
ECDH10B_2619	0
ECDH10B_2620	11
ECDH10B_2621	0
ECDH10B_2622	0
ECDH10B_2623	41
ECDH10B_2624	10
ECDH10B_2625	0
ECDH10B_2626	15
ECDH10B_2627	0
ECDH10B_2628	710
ECDH10B_2629	27
ECDH10B_2630	141
ECDH10B_2631	232
ECDH10B_2632	244
ECDH10B_2633	96
ECDH10B_2634	166
ECDH10B_2635	222
ECDH10B_2636	47
ECDH10B_2637	432
ECDH10B_2638	85
ECDH10B_2639	78
ECDH10B_2640	301
ECDH10B_2641	357
ECDH10B_2642	376
ECDH10B_2643	2028
ECDH10B_2644	2221
ECDH10B_2645	445
ECDH10B_2646	364
ECDH10B_2647	37
ECDH10B_2648	35
ECDH10B_2649	5
ECDH10B_2650	0
ECDH10B_2651	0
ECDH10B_2652	32
ECDH10B_2653	46
ECDH10B_2654	4
ECDH10B_2655	0
ECDH10B_2656	16
ECDH10B_2657	113
ECDH10B_2658	89
ECDH10B_2659	283
ECDH10B_2660	239
ECDH10B_2661	434
ECDH10B_2662	677
ECDH10B_2663	96
ECDH10B_2664	212
ECDH10B_2665	304
ECDH10B_2666	158
ECDH10B_2667	1058
ECDH10B_2668	587
ECDH10B_2669	212
ECDH10B_2670	137
ECDH10B_2671	38
ECDH10B_2672	163
ECDH10B_2673	4050
ECDH10B_2674	1401
ECDH10B_2675	1027
ECDH10B_2676	195
ECDH10B_2677	1912
ECDH10B_2678	2346
ECDH10B_2679	610
ECDH10B_2680	4120
ECDH10B_2681	1553
ECDH10B_2682	1717
ECDH10B_2683	737
ECDH10B_2684	552
ECDH10B_2685	332
ECDH10B_2686	1881
ECDH10B_2687	196
ECDH10B_2689	258
ECDH10B_2690	576
ECDH10B_2691	191
ECDH10B_2692	120
ECDH10B_2693	806
ECDH10B_2694	239
ECDH10B_2695	309
ECDH10B_2696	482
ECDH10B_2697	1090
ECDH10B_2698	430
ECDH10B_2699	1137
ECDH10B_2700	1363
ECDH10B_2701	92
ECDH10B_2702	256
ECDH10B_2703	317
ECDH10B_2704	4
ECDH10B_2705	44
ECDH10B_2706	0
ECDH10B_2707	0
ECDH10B_2708	0
ECDH10B_2709	76
ECDH10B_2710	5
ECDH10B_2711	27
ECDH10B_2712	32
ECDH10B_2713	0
ECDH10B_2714	18
ECDH10B_2715	25
ECDH10B_2716	62
ECDH10B_2717	102
ECDH10B_2718	2062
ECDH10B_2719	269
ECDH10B_2720	247
ECDH10B_2721	228
ECDH10B_2722	192
ECDH10B_2723	259
ECDH10B_2725	597
ECDH10B_2726	350
ECDH10B_2727	416
ECDH10B_2728	138
ECDH10B_2729	48
ECDH10B_2730	182
ECDH10B_2732	510
ECDH10B_2733	293
ECDH10B_2734	1155
ECDH10B_2735	1255
ECDH10B_2736	1149
ECDH10B_2737	2200
ECDH10B_2738	310
ECDH10B_2739	716
ECDH10B_2740	1031
ECDH10B_2741	1397
ECDH10B_2742	1011
ECDH10B_2743	384
ECDH10B_2744	1192
ECDH10B_2745	182
ECDH10B_2746	93
ECDH10B_2747	2214
ECDH10B_2748	487
ECDH10B_2749	2255
ECDH10B_2750	171
ECDH10B_2751	113
ECDH10B_2752	648
ECDH10B_2753	1651
ECDH10B_2754	1604
ECDH10B_2755	5957
ECDH10B_2756	0
ECDH10B_2757	93
ECDH10B_2758	174
ECDH10B_2759	272
ECDH10B_2760	2026
ECDH10B_2761	336
ECDH10B_2762	723
ECDH10B_2763	1546
ECDH10B_2764	3360
ECDH10B_2765	0
ECDH10B_2766	996
ECDH10B_2767	468
ECDH10B_2768	450
ECDH10B_2769	25
ECDH10B_2770	379
ECDH10B_2771	348
ECDH10B_2772	259
ECDH10B_2773	3551
ECDH10B_2774	8236
ECDH10B_2775	6527
ECDH10B_2776	6156
ECDH10B_2777	4317
ECDH10B_2779	183
ECDH10B_2780	932
ECDH10B_2781	243
ECDH10B_2782	278
ECDH10B_2783	537
ECDH10B_2784	62
ECDH10B_2785	213
ECDH10B_2786	1018
ECDH10B_2787	42108
ECDH10B_2789	81
ECDH10B_2790	11
ECDH10B_2791	33
ECDH10B_2792	17
ECDH10B_2793	384
ECDH10B_2794	448
ECDH10B_2795	66
ECDH10B_2796	1130
ECDH10B_2797	326
ECDH10B_2798	54
ECDH10B_2799	6
ECDH10B_2800	0
ECDH10B_2801	0
ECDH10B_2802	39
ECDH10B_2803	0
ECDH10B_2804	30
ECDH10B_2805	132
ECDH10B_2806	51
ECDH10B_2809	154
ECDH10B_2810	12
ECDH10B_2811	12
ECDH10B_2812	0
ECDH10B_2813	0
ECDH10B_2814	18
ECDH10B_2816	0
ECDH10B_2819	25
ECDH10B_2820	0
ECDH10B_2825	14
ECDH10B_2826	14
ECDH10B_2827	53
ECDH10B_2829	77
ECDH10B_2830	6
ECDH10B_2831	146
ECDH10B_2832	167
ECDH10B_2833	44
ECDH10B_2834	85
ECDH10B_2835	89
ECDH10B_2836	68
ECDH10B_2837	13
ECDH10B_2838	11
ECDH10B_2840	0
ECDH10B_2841	0
ECDH10B_2842	14
ECDH10B_2843	47
ECDH10B_2844	17
ECDH10B_2845	35
ECDH10B_2848	38
ECDH10B_2849	924
ECDH10B_2850	110
ECDH10B_2852	234
ECDH10B_2853	432
ECDH10B_2854	1124
ECDH10B_2856	1545
ECDH10B_2857	221
ECDH10B_2858	453
ECDH10B_2859	631
ECDH10B_2860	285
ECDH10B_2861	245
ECDH10B_2862	247
ECDH10B_2863	884
ECDH10B_2864	1672
ECDH10B_2865	6413
ECDH10B_2866	104
ECDH10B_2868	260
ECDH10B_2869	204
ECDH10B_2870	26
ECDH10B_2871	16
ECDH10B_2872	0
ECDH10B_2873	16
ECDH10B_2874	22
ECDH10B_2875	91
ECDH10B_2876	108
ECDH10B_2877	75
ECDH10B_2878	18
ECDH10B_2879	12
ECDH10B_2880	276
ECDH10B_2881	71
ECDH10B_2882	143
ECDH10B_2883	38
ECDH10B_2884	31
ECDH10B_2885	36
ECDH10B_2886	0
ECDH10B_2887	38
ECDH10B_2888	0
ECDH10B_2889	9
ECDH10B_2890	0
ECDH10B_2891	42
ECDH10B_2892	0
ECDH10B_2893	16
ECDH10B_2894	80
ECDH10B_2895	351
ECDH10B_2896	63
ECDH10B_2897	507
ECDH10B_2898	637
ECDH10B_2899	350
ECDH10B_2900	89
ECDH10B_2901	380
ECDH10B_2902	11
ECDH10B_2903	176
ECDH10B_2904	12
ECDH10B_2905	44
ECDH10B_2907	12
ECDH10B_2908	92
ECDH10B_2909	3045
ECDH10B_2910	1428
ECDH10B_2911	330
ECDH10B_2912	407
ECDH10B_2913	483
ECDH10B_2914	245
ECDH10B_2915	358
ECDH10B_2916	318
ECDH10B_2917	5
ECDH10B_2918	30
ECDH10B_2919	55
ECDH10B_2920	25
ECDH10B_2921	66
ECDH10B_2922	47
ECDH10B_2923	0
ECDH10B_2924	84
ECDH10B_2925	23
ECDH10B_2926	20
ECDH10B_2927	0
ECDH10B_2928	16
ECDH10B_2929	105
ECDH10B_2930	37
ECDH10B_2932	90
ECDH10B_2933	171
ECDH10B_2934	326
ECDH10B_2935	8
ECDH10B_2936	87
ECDH10B_2937	44
ECDH10B_2938	0
ECDH10B_2939	16
ECDH10B_2940	7
ECDH10B_2941	3
ECDH10B_2942	11
ECDH10B_2943	17
ECDH10B_2944	484
ECDH10B_2945	35
ECDH10B_2946	6666
ECDH10B_2947	4691
ECDH10B_2948	261
ECDH10B_2949	59
ECDH10B_2950	187
ECDH10B_2951	1265
ECDH10B_2953	437
ECDH10B_2954	413
ECDH10B_2955	119
ECDH10B_2956	126
ECDH10B_2957	54
ECDH10B_2958	211
ECDH10B_2959	117
ECDH10B_2960	110
ECDH10B_2962	160
ECDH10B_2963	309
ECDH10B_2964	665
ECDH10B_2965	745
ECDH10B_2966	568
ECDH10B_2967	233
ECDH10B_2968	162
ECDH10B_2969	4
ECDH10B_2970	32
ECDH10B_2971	77
ECDH10B_2972	10
ECDH10B_2973	12
ECDH10B_2974	229
ECDH10B_2975	669
ECDH10B_2976	185
ECDH10B_2977	469
ECDH10B_2979	150
ECDH10B_2980	383
ECDH10B_2981	513
ECDH10B_2982	570
ECDH10B_2983	511
ECDH10B_2984	394
ECDH10B_2985	223
ECDH10B_2986	56
ECDH10B_2987	563
ECDH10B_2988	120
ECDH10B_2989	517
ECDH10B_2990	805
ECDH10B_2991	952
ECDH10B_2992	961
ECDH10B_2993	30
ECDH10B_2994	53
ECDH10B_2995	108
ECDH10B_2996	41
ECDH10B_2997	767
ECDH10B_2998	514
ECDH10B_2999	1549
ECDH10B_3000	1163
ECDH10B_3001	86
ECDH10B_3002	379
ECDH10B_3003	122
ECDH10B_3004	505
ECDH10B_3005	293
ECDH10B_3006	649
ECDH10B_3009	328
ECDH10B_3010	249
ECDH10B_3011	148
ECDH10B_3012	149
ECDH10B_3013	121
ECDH10B_3014	38
ECDH10B_3015	0
ECDH10B_3016	88
ECDH10B_3017	430
ECDH10B_3018	23
ECDH10B_3019	53
ECDH10B_3020	0
ECDH10B_3021	0
ECDH10B_3022	0
ECDH10B_3023	0
ECDH10B_3024	12
ECDH10B_3025	4
ECDH10B_3026	0
ECDH10B_3028	11
ECDH10B_3029	0
ECDH10B_3030	13
ECDH10B_3033	5
ECDH10B_3034	0
ECDH10B_3035	0
ECDH10B_3038	194
ECDH10B_3039	90
ECDH10B_3040	228
ECDH10B_3041	97
ECDH10B_3042	19
ECDH10B_3043	11
ECDH10B_3044	220
ECDH10B_3045	0
ECDH10B_3046	28
ECDH10B_3047	33
ECDH10B_3048	24
ECDH10B_3049	93
ECDH10B_3050	159
ECDH10B_3051	37
ECDH10B_3052	64
ECDH10B_3053	132
ECDH10B_3054	35
ECDH10B_3055	10
ECDH10B_3056	97
ECDH10B_3057	47
ECDH10B_3058	58
ECDH10B_3059	56
ECDH10B_3061	19
ECDH10B_3062	16
ECDH10B_3063	34
ECDH10B_3064	2817
ECDH10B_3065	2012
ECDH10B_3066	774
ECDH10B_3067	664
ECDH10B_3068	619
ECDH10B_3069	1369
ECDH10B_3070	902
ECDH10B_3071	496
ECDH10B_3072	1077
ECDH10B_3073	796
ECDH10B_3074	88
ECDH10B_3075	593
ECDH10B_3076	199
ECDH10B_3077	907
ECDH10B_3078	337
ECDH10B_3080	679
ECDH10B_3081	814
ECDH10B_3082	1070
ECDH10B_3083	500
ECDH10B_3084	1845
ECDH10B_3086	1941
ECDH10B_3088	2166
ECDH10B_3089	575
ECDH10B_3090	16
ECDH10B_3091	407
ECDH10B_3093	20
ECDH10B_3094	0
ECDH10B_3096	32
ECDH10B_3097	175
ECDH10B_3098	206
ECDH10B_3099	472
ECDH10B_3100	9161
ECDH10B_3101	6297
ECDH10B_3102	3501
ECDH10B_3103	266
ECDH10B_3104	125
ECDH10B_3105	42
ECDH10B_3106	29
ECDH10B_3110	7863
ECDH10B_3111	521
ECDH10B_3112	809
ECDH10B_3113	2947
ECDH10B_3114	223
ECDH10B_3115	95
ECDH10B_3116	119
ECDH10B_3117	435
ECDH10B_3119	56
ECDH10B_3121	252
ECDH10B_3122	407
ECDH10B_3123	829
ECDH10B_3124	412
ECDH10B_3125	253
ECDH10B_3126	307
ECDH10B_3127	226
ECDH10B_3128	23
ECDH10B_3129	126
ECDH10B_3130	478
ECDH10B_3131	66
ECDH10B_3132	1674
ECDH10B_3133	515
ECDH10B_3134	508
ECDH10B_3135	362
ECDH10B_3136	522
ECDH10B_3137	186
ECDH10B_3138	253
ECDH10B_3141	84
ECDH10B_3142	52
ECDH10B_3143	134
ECDH10B_3144	411
ECDH10B_3145	58
ECDH10B_3146	0
ECDH10B_3147	193
ECDH10B_3148	386
ECDH10B_3151	88
ECDH10B_3152	110
ECDH10B_3153	46
ECDH10B_3154	13
ECDH10B_3155	0
ECDH10B_3156	46
ECDH10B_3157	212
ECDH10B_3158	43
ECDH10B_3159	44
ECDH10B_3160	96
ECDH10B_3161	0
ECDH10B_3162	10
ECDH10B_3163	2
ECDH10B_3164	0
ECDH10B_3165	636
ECDH10B_3166	284
ECDH10B_3167	80
ECDH10B_3168	175
ECDH10B_3169	293
ECDH10B_3170	144
ECDH10B_3171	1001
ECDH10B_3172	660
ECDH10B_3173	423
ECDH10B_3174	882
ECDH10B_3175	15
ECDH10B_3178	215
ECDH10B_3179	294
ECDH10B_3180	44
ECDH10B_3181	149
ECDH10B_3182	827
ECDH10B_3183	281
ECDH10B_3184	544
ECDH10B_3185	118
ECDH10B_3186	137
ECDH10B_3187	160
ECDH10B_3188	32
ECDH10B_3189	57
ECDH10B_3190	1471
ECDH10B_3191	1140
ECDH10B_3192	604
ECDH10B_3193	1562
ECDH10B_3194	273
ECDH10B_3195	20
ECDH10B_3196	73
ECDH10B_3197	16
ECDH10B_3198	145
ECDH10B_3199	121
ECDH10B_3200	93
ECDH10B_3201	21
ECDH10B_3202	151
ECDH10B_3203	987
ECDH10B_3204	2523
ECDH10B_3205	421
ECDH10B_3206	467
ECDH10B_3207	159
ECDH10B_3208	596
ECDH10B_3209	1630
ECDH10B_3210	428
ECDH10B_3211	981
ECDH10B_3212	2345
ECDH10B_3213	604
ECDH10B_3214	513
ECDH10B_3215	1442
ECDH10B_3216	563
ECDH10B_3217	35
ECDH10B_3218	0
ECDH10B_3219	0
ECDH10B_3220	131
ECDH10B_3221	14
ECDH10B_3222	105
ECDH10B_3223	10
ECDH10B_3224	347
ECDH10B_3225	281
ECDH10B_3227	660
ECDH10B_3228	686
ECDH10B_3229	233
ECDH10B_3230	200
ECDH10B_3231	821
ECDH10B_3232	361
ECDH10B_3233	187
ECDH10B_3234	464
ECDH10B_3235	123
ECDH10B_3236	20
ECDH10B_3237	10
ECDH10B_3238	145
ECDH10B_3239	533
ECDH10B_3240	4286
ECDH10B_3241	2708
ECDH10B_3242	3545
ECDH10B_3243	77
ECDH10B_3244	0
ECDH10B_3245	91
ECDH10B_3246	151
ECDH10B_3247	117
ECDH10B_3248	21
ECDH10B_3249	9
ECDH10B_3250	556
ECDH10B_3251	116
ECDH10B_3252	27
ECDH10B_3253	15
ECDH10B_3254	12
ECDH10B_3255	56
ECDH10B_3256	51
ECDH10B_3257	68
ECDH10B_3258	19
ECDH10B_3259	739
ECDH10B_3260	8
ECDH10B_3261	16
ECDH10B_3262	246
ECDH10B_3264	822
ECDH10B_3265	1828
ECDH10B_3266	370
ECDH10B_3267	145
ECDH10B_3268	175
ECDH10B_3269	142
ECDH10B_3270	947
ECDH10B_3271	1040
ECDH10B_3272	377
ECDH10B_3273	490
ECDH10B_3274	682
ECDH10B_3275	509
ECDH10B_3276	270
ECDH10B_3277	46
ECDH10B_3278	108
ECDH10B_3279	84
ECDH10B_3280	15
ECDH10B_3281	229
ECDH10B_3282	35
ECDH10B_3283	125
ECDH10B_3284	576
ECDH10B_3285	246
ECDH10B_3286	37
ECDH10B_3287	17
ECDH10B_3288	190
ECDH10B_3289	48
ECDH10B_3290	167
ECDH10B_3291	64
ECDH10B_3292	22
ECDH10B_3293	0
ECDH10B_3294	0
ECDH10B_3295	22
ECDH10B_3296	51945
ECDH10B_3297	86
ECDH10B_3298	27
ECDH10B_3299	55
ECDH10B_3300	26
ECDH10B_3301	58
ECDH10B_3302	93
ECDH10B_3303	227
ECDH10B_3304	734
ECDH10B_3305	16
ECDH10B_3306	0
ECDH10B_3307	0
ECDH10B_3308	48
ECDH10B_3309	15
ECDH10B_3310	13
ECDH10B_3311	0
ECDH10B_3312	16
ECDH10B_3313	22
ECDH10B_3314	0
ECDH10B_3315	45
ECDH10B_3316	22
ECDH10B_3317	317
ECDH10B_3318	102
ECDH10B_3319	127
ECDH10B_3320	582
ECDH10B_3321	116
ECDH10B_3322	266
ECDH10B_3323	569
ECDH10B_3324	313
ECDH10B_3325	78
ECDH10B_3326	197
ECDH10B_3327	287
ECDH10B_3328	399
ECDH10B_3329	767
ECDH10B_3330	640
ECDH10B_3331	273
ECDH10B_3332	289
ECDH10B_3333	430
ECDH10B_3334	460
ECDH10B_3335	15574
ECDH10B_3336	8799
ECDH10B_3337	14148
ECDH10B_3339	5396
ECDH10B_3340	1456
ECDH10B_3341	265
ECDH10B_3342	21402
ECDH10B_3343	8816
ECDH10B_3344	3400
ECDH10B_3345	2787
ECDH10B_3346	547
ECDH10B_3347	161
ECDH10B_3348	0
ECDH10B_3349	5234
ECDH10B_3350	2139
ECDH10B_3351	649
ECDH10B_3352	8792
ECDH10B_3353	2468
ECDH10B_3354	1518
ECDH10B_3355	529
ECDH10B_3356	352
ECDH10B_3357	4938
ECDH10B_3358	1731
ECDH10B_3359	1717
ECDH10B_3360	10558
ECDH10B_3361	662
ECDH10B_3362	333
ECDH10B_3364	541
ECDH10B_3365	189
ECDH10B_3366	854
ECDH10B_3367	425
ECDH10B_3368	1458
ECDH10B_3369	1739
ECDH10B_3370	337
ECDH10B_3371	990
ECDH10B_3372	1061
ECDH10B_3373	681
ECDH10B_3374	870
ECDH10B_3375	824
ECDH10B_3376	1928
ECDH10B_3377	369
ECDH10B_3378	505
ECDH10B_3379	685
ECDH10B_3380	178
ECDH10B_3381	1164
ECDH10B_3382	809
ECDH10B_3383	258
ECDH10B_3385	1435
ECDH10B_3386	110
ECDH10B_3387	3093
ECDH10B_3388	950
ECDH10B_3389	26
ECDH10B_3390	23
ECDH10B_3391	339
ECDH10B_3394	0
ECDH10B_3396	119
ECDH10B_3398	20
ECDH10B_3399	74
ECDH10B_3400	55
ECDH10B_3401	52
ECDH10B_3402	87
ECDH10B_3403	804
ECDH10B_3404	148
ECDH10B_3405	763
ECDH10B_3406	2100
ECDH10B_3407	3256
ECDH10B_3408	6612
ECDH10B_3409	514
ECDH10B_3410	1404
ECDH10B_3411	454
ECDH10B_3412	392
ECDH10B_3413	1189
ECDH10B_3414	176
ECDH10B_3415	181
ECDH10B_3416	11
ECDH10B_3418	22
ECDH10B_3419	38
ECDH10B_3420	652
ECDH10B_3421	1743
ECDH10B_3422	1294
ECDH10B_3423	835
ECDH10B_3424	858
ECDH10B_3425	589
ECDH10B_3427	3020
ECDH10B_3428	919
ECDH10B_3429	1179
ECDH10B_3430	1502
ECDH10B_3431	2420
ECDH10B_3432	66
ECDH10B_3433	304
ECDH10B_3434	370
ECDH10B_3435	4909
ECDH10B_3436	535
ECDH10B_3437	48
ECDH10B_3438	58
ECDH10B_3439	37
ECDH10B_3440	28
ECDH10B_3441	53
ECDH10B_3442	0
ECDH10B_3443	31
ECDH10B_3444	6
ECDH10B_3445	17
ECDH10B_3446	8
ECDH10B_3447	0
ECDH10B_3448	0
ECDH10B_3449	0
ECDH10B_3450	43
ECDH10B_3451	8
ECDH10B_3452	37
ECDH10B_3453	34
ECDH10B_3454	1038
ECDH10B_3455	388
ECDH10B_3456	894
ECDH10B_3457	229
ECDH10B_3458	617
ECDH10B_3459	1079
ECDH10B_3460	233
ECDH10B_3461	1131
ECDH10B_3462	1042
ECDH10B_3463	974
ECDH10B_3465	309
ECDH10B_3466	416
ECDH10B_3467	259
ECDH10B_3468	104
ECDH10B_3469	5228
ECDH10B_3470	28714
ECDH10B_3471	21096
ECDH10B_3472	14539
ECDH10B_3473	23179
ECDH10B_3474	4443
ECDH10B_3475	24442
ECDH10B_3476	15935
ECDH10B_3477	4532
ECDH10B_3478	13759
ECDH10B_3479	6006
ECDH10B_3480	13186
ECDH10B_3481	8940
ECDH10B_3482	8096
ECDH10B_3483	17393
ECDH10B_3484	6070
ECDH10B_3485	16460
ECDH10B_3486	530
ECDH10B_3487	2234
ECDH10B_3488	12781
ECDH10B_3490	10483
ECDH10B_3491	7887
ECDH10B_3492	18549
ECDH10B_3493	9211
ECDH10B_3494	12864
ECDH10B_3495	18180
ECDH10B_3496	11880
ECDH10B_3497	10
ECDH10B_3498	40
ECDH10B_3499	44
ECDH10B_3500	112
ECDH10B_3501	66
ECDH10B_3502	23
ECDH10B_3503	0
ECDH10B_3504	36
ECDH10B_3505	0
ECDH10B_3506	0
ECDH10B_3507	101
ECDH10B_3508	65
ECDH10B_3509	11
ECDH10B_3510	208
ECDH10B_3511	137
ECDH10B_3512	12
ECDH10B_3514	9248
ECDH10B_3515	45463
ECDH10B_3516	7162
ECDH10B_3518	242
ECDH10B_3519	220
ECDH10B_3520	273
ECDH10B_3521	644
ECDH10B_3522	1709
ECDH10B_3523	35
ECDH10B_3524	3576
ECDH10B_3525	153
ECDH10B_3526	653
ECDH10B_3527	293
ECDH10B_3528	688
ECDH10B_3529	226
ECDH10B_3530	108
ECDH10B_3531	572
ECDH10B_3532	347
ECDH10B_3533	2799
ECDH10B_3534	917
ECDH10B_3535	377
ECDH10B_3536	65
ECDH10B_3537	286
ECDH10B_3538	49
ECDH10B_3539	352
ECDH10B_3540	144
ECDH10B_3541	932
ECDH10B_3542	52
ECDH10B_3543	227
ECDH10B_3544	773
ECDH10B_3545	0
ECDH10B_3546	9
ECDH10B_3547	29
ECDH10B_3548	31
ECDH10B_3549	19
ECDH10B_3550	205
ECDH10B_3551	55
ECDH10B_3552	20
ECDH10B_3553	6
ECDH10B_3554	167
ECDH10B_3555	23
ECDH10B_3556	20
ECDH10B_3557	14
ECDH10B_3558	59
ECDH10B_3559	901
ECDH10B_3560	203
ECDH10B_3561	263
ECDH10B_3562	744
ECDH10B_3563	2222
ECDH10B_3564	3787
ECDH10B_3565	2639
ECDH10B_3566	61
ECDH10B_3567	14
ECDH10B_3568	18
ECDH10B_3569	24
ECDH10B_3570	17
ECDH10B_3571	1008
ECDH10B_3572	1200
ECDH10B_3573	403
ECDH10B_3574	425
ECDH10B_3575	504
ECDH10B_3576	561
ECDH10B_3577	423
ECDH10B_3578	3584
ECDH10B_3579	572
ECDH10B_3580	297
ECDH10B_3581	103
ECDH10B_3582	587
ECDH10B_3583	71
ECDH10B_3584	360
ECDH10B_3585	8
ECDH10B_3587	152
ECDH10B_3588	343
ECDH10B_3589	362
ECDH10B_3590	256
ECDH10B_3591	589
ECDH10B_3592	784
ECDH10B_3593	1148
ECDH10B_3594	157
ECDH10B_3595	23
ECDH10B_3596	517
ECDH10B_3597	732
ECDH10B_3598	1731
ECDH10B_3599	580
ECDH10B_3600	9014
ECDH10B_3601	1381
ECDH10B_3602	1856
ECDH10B_3603	893
ECDH10B_3604	838
ECDH10B_3605	794
ECDH10B_3606	1407
ECDH10B_3607	2450
ECDH10B_3608	134
ECDH10B_3609	207
ECDH10B_3610	70
ECDH10B_3611	860
ECDH10B_3612	447
ECDH10B_3613	511
ECDH10B_3615	293
ECDH10B_3616	18
ECDH10B_3617	0
ECDH10B_3618	0
ECDH10B_3619	0
ECDH10B_3620	24
ECDH10B_3621	99
ECDH10B_3622	90
ECDH10B_3623	121
ECDH10B_3624	42
ECDH10B_3625	0
ECDH10B_3626	6
ECDH10B_3627	82
ECDH10B_3628	192
ECDH10B_3629	147
ECDH10B_3630	201
ECDH10B_3631	161
ECDH10B_3632	230
ECDH10B_3633	202
ECDH10B_3634	875
ECDH10B_3635	8531
ECDH10B_3636	1237
ECDH10B_3637	958
ECDH10B_3638	2087
ECDH10B_3639	230
ECDH10B_3640	37
ECDH10B_3641	77
ECDH10B_3642	585
ECDH10B_3643	806
ECDH10B_3644	135
ECDH10B_3645	283
ECDH10B_3646	626
ECDH10B_3647	587
ECDH10B_3648	61
ECDH10B_3649	433
ECDH10B_3650	269
ECDH10B_3651	246
ECDH10B_3652	120
ECDH10B_3653	188
ECDH10B_3654	166
ECDH10B_3655	315
ECDH10B_3656	74
ECDH10B_3657	51
ECDH10B_3658	10
ECDH10B_3659	78
ECDH10B_3660	233
ECDH10B_3661	675
ECDH10B_3663	49
ECDH10B_3666	34
ECDH10B_3667	73
ECDH10B_3668	608
ECDH10B_3669	5353
ECDH10B_3670	61
ECDH10B_3671	1563
ECDH10B_3672	249
ECDH10B_3673	213
ECDH10B_3674	878
ECDH10B_3675	943
ECDH10B_3676	994
ECDH10B_3677	5
ECDH10B_3678	110
ECDH10B_3679	0
ECDH10B_3680	3
ECDH10B_3681	18
ECDH10B_3682	46
ECDH10B_3683	6
ECDH10B_3684	40
ECDH10B_3685	61
ECDH10B_3686	118
ECDH10B_3687	35
ECDH10B_3688	108
ECDH10B_3689	93
ECDH10B_3690	237
ECDH10B_3691	168
ECDH10B_3693	484
ECDH10B_3694	106
ECDH10B_3695	103
ECDH10B_3696	178
ECDH10B_3697	14
ECDH10B_3698	33
ECDH10B_3699	73
ECDH10B_3700	216
ECDH10B_3701	25
ECDH10B_3702	30
ECDH10B_3703	229
ECDH10B_3704	699
ECDH10B_3706	751
ECDH10B_3707	217
ECDH10B_3708	47
ECDH10B_3709	56
ECDH10B_3710	278
ECDH10B_3711	180
ECDH10B_3712	49
ECDH10B_3714	57
ECDH10B_3715	372
ECDH10B_3716	15
ECDH10B_3717	111
ECDH10B_3718	1064
ECDH10B_3719	1669
ECDH10B_3720	1021
ECDH10B_3721	896
ECDH10B_3722	691
ECDH10B_3723	5927
ECDH10B_3724	6
ECDH10B_3725	1375
ECDH10B_3726	319
ECDH10B_3727	60
ECDH10B_3728	239
ECDH10B_3729	118
ECDH10B_3730	566
ECDH10B_3731	159
ECDH10B_3732	1166
ECDH10B_3733	1139
ECDH10B_3734	54
ECDH10B_3735	23127
ECDH10B_3736	166
ECDH10B_3737	6
ECDH10B_3738	5
ECDH10B_3739	3799
ECDH10B_3741	25
ECDH10B_3742	21
ECDH10B_3743	13
ECDH10B_3744	0
ECDH10B_3745	148
ECDH10B_3746	78
ECDH10B_3747	26
ECDH10B_3748	77
ECDH10B_3749	57
ECDH10B_3750	367
ECDH10B_3751	1597
ECDH10B_3752	120
ECDH10B_3753	1477
ECDH10B_3754	501
ECDH10B_3755	283
ECDH10B_3756	20
ECDH10B_3757	0
ECDH10B_3758	8
ECDH10B_3759	11
ECDH10B_3760	0
ECDH10B_3761	37
ECDH10B_3762	6
ECDH10B_3763	51
ECDH10B_3764	9
ECDH10B_3765	5
ECDH10B_3766	55
ECDH10B_3767	108
ECDH10B_3768	0
ECDH10B_3769	35
ECDH10B_3770	52
ECDH10B_3771	1198
ECDH10B_3773	302
ECDH10B_3775	58
ECDH10B_3776	130
ECDH10B_3777	92
ECDH10B_3778	27
ECDH10B_3779	12
ECDH10B_3780	477
ECDH10B_3781	335
ECDH10B_3782	550
ECDH10B_3783	387
ECDH10B_3784	489
ECDH10B_3785	407
ECDH10B_3786	93
ECDH10B_3787	240
ECDH10B_3788	457
ECDH10B_3789	869
ECDH10B_3790	2019
ECDH10B_3791	2380
ECDH10B_3792	1058
ECDH10B_3793	1637
ECDH10B_3794	4328
ECDH10B_3795	1124
ECDH10B_3796	525
ECDH10B_3797	260
ECDH10B_3798	937
ECDH10B_3799	2197
ECDH10B_3800	1007
ECDH10B_3801	982
ECDH10B_3802	775
ECDH10B_3803	617
ECDH10B_3804	713
ECDH10B_3805	415
ECDH10B_3806	188
ECDH10B_3807	188
ECDH10B_3808	448
ECDH10B_3809	518
ECDH10B_3810	528
ECDH10B_3811	359
ECDH10B_3812	517
ECDH10B_3813	468
ECDH10B_3814	693
ECDH10B_3815	920
ECDH10B_3816	575
ECDH10B_3817	589
ECDH10B_3818	224
ECDH10B_3819	5276
ECDH10B_3820	635
ECDH10B_3821	427
ECDH10B_3822	285
ECDH10B_3823	457
ECDH10B_3824	449
ECDH10B_3826	1206
ECDH10B_3827	298
ECDH10B_3828	73
ECDH10B_3829	108
ECDH10B_3830	1840
ECDH10B_3831	2566
ECDH10B_3832	3367
ECDH10B_3833	829
ECDH10B_3834	1163
ECDH10B_3835	758
ECDH10B_3836	146
ECDH10B_3837	340
ECDH10B_3838	159
ECDH10B_3839	29
ECDH10B_3840	0
ECDH10B_3841	8
ECDH10B_3842	230
ECDH10B_3843	174
ECDH10B_3844	160
ECDH10B_3845	924
ECDH10B_3846	256
ECDH10B_3847	45
ECDH10B_3848	221
ECDH10B_3849	58
ECDH10B_3850	159
ECDH10B_3851	484
ECDH10B_3852	197
ECDH10B_3853	37
ECDH10B_3854	530
ECDH10B_3855	18
ECDH10B_3856	310
ECDH10B_3857	83
ECDH10B_3858	54
ECDH10B_3859	27
ECDH10B_3860	121
ECDH10B_3861	86
ECDH10B_3862	12
ECDH10B_3863	31
ECDH10B_3868	26
ECDH10B_3869	42
ECDH10B_3870	35
ECDH10B_3871	720
ECDH10B_3872	117
ECDH10B_3873	261
ECDH10B_3874	220
ECDH10B_3875	417
ECDH10B_3877	48
ECDH10B_3878	66
ECDH10B_3879	5
ECDH10B_3880	8
ECDH10B_3881	19
ECDH10B_3882	114
ECDH10B_3883	370
ECDH10B_3884	55
ECDH10B_3886	1356
ECDH10B_3887	2080
ECDH10B_3889	5080
ECDH10B_3890	3050
ECDH10B_3891	511
ECDH10B_3892	6714
ECDH10B_3893	565
ECDH10B_3894	3
ECDH10B_3895	118
ECDH10B_3896	30
ECDH10B_3897	216
ECDH10B_3898	270
ECDH10B_3899	1546
ECDH10B_3900	484
ECDH10B_3901	1625
ECDH10B_3902	123
ECDH10B_3903	101
ECDH10B_3904	75
ECDH10B_3905	15
ECDH10B_3906	3
ECDH10B_3907	11
ECDH10B_3908	12
ECDH10B_3909	1791
ECDH10B_3910	76
ECDH10B_3911	143
ECDH10B_3912	213
ECDH10B_3913	130
ECDH10B_3914	85
ECDH10B_3915	335
ECDH10B_3917	1955
ECDH10B_3918	1907
ECDH10B_3919	17873
ECDH10B_3920	8802
ECDH10B_3921	14853
ECDH10B_3922	5392
ECDH10B_3923	6065
ECDH10B_3924	9551
ECDH10B_3925	7727
ECDH10B_3926	1870
ECDH10B_3927	576
ECDH10B_3928	3099
ECDH10B_3930	1306
ECDH10B_3931	255
ECDH10B_3932	2085
ECDH10B_3933	769
ECDH10B_3935	747
ECDH10B_3936	3806
ECDH10B_3937	2323
ECDH10B_3938	3486
ECDH10B_3939	4884
ECDH10B_3940	2295
ECDH10B_3943	422
ECDH10B_3944	1342
ECDH10B_3945	40
ECDH10B_3946	980
ECDH10B_3947	712
ECDH10B_3948	0
ECDH10B_3949	51
ECDH10B_3950	3
ECDH10B_3951	276
ECDH10B_3952	395
ECDH10B_3953	304
ECDH10B_3954	16
ECDH10B_3958	54
ECDH10B_3959	439
ECDH10B_3961	545
ECDH10B_3962	425
ECDH10B_3963	7292
ECDH10B_3964	582
ECDH10B_3967	1077
ECDH10B_3968	3526
ECDH10B_3969	4308
ECDH10B_3970	1904
ECDH10B_3971	3630
ECDH10B_3972	8486
ECDH10B_3973	976
ECDH10B_3974	1171
ECDH10B_3975	1228
ECDH10B_3976	1478
ECDH10B_3977	984
ECDH10B_3978	731
ECDH10B_3979	426
ECDH10B_3980	508
ECDH10B_3981	862
ECDH10B_3982	476
ECDH10B_3983	390
ECDH10B_3984	251
ECDH10B_3985	1430
ECDH10B_3986	686
ECDH10B_3987	168
ECDH10B_3988	61
ECDH10B_3989	0
ECDH10B_3990	208
ECDH10B_3991	164
ECDH10B_3993	1362
ECDH10B_3995	1056
ECDH10B_3996	1611
ECDH10B_3998	324
ECDH10B_3999	232
ECDH10B_4000	383
ECDH10B_4001	773
ECDH10B_4003	341
ECDH10B_4004	109
ECDH10B_4005	1721
ECDH10B_4006	174
ECDH10B_4007	786
ECDH10B_4008	88
ECDH10B_4009	22
ECDH10B_4010	239
ECDH10B_4011	147
ECDH10B_4012	479
ECDH10B_4013	756
ECDH10B_4014	401
ECDH10B_4015	377
ECDH10B_4016	897
ECDH10B_4017	577
ECDH10B_4019	780
ECDH10B_4020	283
ECDH10B_4021	79
ECDH10B_4022	911
ECDH10B_4023	585
ECDH10B_4024	1307
ECDH10B_4025	764
ECDH10B_4026	2244
ECDH10B_4027	871
ECDH10B_4028	796
ECDH10B_4029	980
ECDH10B_4030	547
ECDH10B_4031	446
ECDH10B_4032	1347
ECDH10B_4033	539
ECDH10B_4034	212
ECDH10B_4035	75
ECDH10B_4036	1710
ECDH10B_4037	580
ECDH10B_4038	1025
ECDH10B_4039	341
ECDH10B_4040	0
ECDH10B_4041	122
ECDH10B_4042	0
ECDH10B_4043	419
ECDH10B_4044	0
ECDH10B_4045	55
ECDH10B_4046	90
ECDH10B_4047	186
ECDH10B_4048	2928
ECDH10B_4049	1353
ECDH10B_4050	280
ECDH10B_4051	153
ECDH10B_4052	2582
ECDH10B_4054	1688
ECDH10B_4056	529
ECDH10B_4057	935
ECDH10B_4058	353
ECDH10B_4059	198
ECDH10B_4060	1422
ECDH10B_4061	8314
ECDH10B_4062	27
ECDH10B_4063	49
ECDH10B_4064	80
ECDH10B_4065	3
ECDH10B_4066	30
ECDH10B_4067	34
ECDH10B_4068	46
ECDH10B_4069	13
ECDH10B_4070	99
ECDH10B_4071	39
ECDH10B_4072	13
ECDH10B_4073	11
ECDH10B_4074	100
ECDH10B_4075	255
ECDH10B_4076	203
ECDH10B_4077	182
ECDH10B_4078	457
ECDH10B_4079	16
ECDH10B_4080	44
ECDH10B_4081	796
ECDH10B_4082	281
ECDH10B_4083	834
ECDH10B_4084	4947
ECDH10B_4085	293
ECDH10B_4086	60
ECDH10B_4087	58
ECDH10B_4088	14
ECDH10B_4089	13
ECDH10B_4091	12
ECDH10B_4092	40
ECDH10B_4093	24
ECDH10B_4094	21
ECDH10B_4095	0
ECDH10B_4096	80
ECDH10B_4097	81
ECDH10B_4098	1455
ECDH10B_4099	44
ECDH10B_4100	554
ECDH10B_4101	2070
ECDH10B_4102	857
ECDH10B_4103	14538
ECDH10B_4104	1564
ECDH10B_4105	3457
ECDH10B_4106	443
ECDH10B_4107	212
ECDH10B_4108	3997
ECDH10B_4109	67
ECDH10B_4110	23
ECDH10B_4111	175
ECDH10B_4112	399
ECDH10B_4113	593
ECDH10B_4114	1192
ECDH10B_4115	3559
ECDH10B_4116	1520
ECDH10B_4117	2444
ECDH10B_4118	2807
ECDH10B_4119	291
ECDH10B_4120	1139
ECDH10B_4121	1125
ECDH10B_4122	1176
ECDH10B_4123	607
ECDH10B_4124	879
ECDH10B_4125	1303
ECDH10B_4126	335
ECDH10B_4127	463
ECDH10B_4128	298
ECDH10B_4129	1129
ECDH10B_4130	173
ECDH10B_4131	4397
ECDH10B_4132	600
ECDH10B_4133	116
ECDH10B_4134	333
ECDH10B_4135	64
ECDH10B_4136	7
ECDH10B_4137	7
ECDH10B_4138	0
ECDH10B_4139	42
ECDH10B_4140	8
ECDH10B_4141	80
ECDH10B_4142	185
ECDH10B_4143	408
ECDH10B_4144	3767
ECDH10B_4145	458
ECDH10B_4146	110
ECDH10B_4147	92
ECDH10B_4148	367
ECDH10B_4150	1824
ECDH10B_4151	3108
ECDH10B_4152	1190
ECDH10B_4153	667
ECDH10B_4154	1123
ECDH10B_4155	1192
ECDH10B_4156	371
ECDH10B_4157	88
ECDH10B_4158	73
ECDH10B_4159	9
ECDH10B_4160	0
ECDH10B_4161	760
ECDH10B_4162	1213
ECDH10B_4163	732
ECDH10B_4164	0
ECDH10B_4165	410
ECDH10B_4166	366
ECDH10B_4167	623
ECDH10B_4168	3758
ECDH10B_4169	2537
ECDH10B_4170	1696
ECDH10B_4171	5775
ECDH10B_4172	8959
ECDH10B_4173	9817
ECDH10B_4174	9191
ECDH10B_4175	20409
ECDH10B_4176	21587
ECDH10B_4177	147
ECDH10B_4178	48
ECDH10B_4179	2
ECDH10B_4180	0
ECDH10B_4181	36
ECDH10B_4182	41
ECDH10B_4183	234
ECDH10B_4184	363
ECDH10B_4185	494
ECDH10B_4186	746
ECDH10B_4187	389
ECDH10B_4188	408
ECDH10B_4189	1217
ECDH10B_4190	535
ECDH10B_4191	105
ECDH10B_4192	171
ECDH10B_4193	181
ECDH10B_4194	302
ECDH10B_4195	307
ECDH10B_4196	24
ECDH10B_4197	486
ECDH10B_4198	7
ECDH10B_4199	0
ECDH10B_4200	272
ECDH10B_4201	207
ECDH10B_4202	143
ECDH10B_4203	645
ECDH10B_4204	507
ECDH10B_4205	207
ECDH10B_4206	153
ECDH10B_4207	1976
ECDH10B_4208	1538
ECDH10B_4209	283
ECDH10B_4210	699
ECDH10B_4211	664
ECDH10B_4212	682
ECDH10B_4213	411
ECDH10B_4214	1150
ECDH10B_4215	6
ECDH10B_4216	0
ECDH10B_4217	8
ECDH10B_4218	78
ECDH10B_4219	69
ECDH10B_4220	81
ECDH10B_4221	42
ECDH10B_4222	138
ECDH10B_4223	257
ECDH10B_4224	97
ECDH10B_4225	364
ECDH10B_4226	184
ECDH10B_4227	22
ECDH10B_4228	576
ECDH10B_4229	383
ECDH10B_4230	2021
ECDH10B_4231	186
ECDH10B_4232	4695
ECDH10B_4233	673
ECDH10B_4234	610
ECDH10B_4235	1315
ECDH10B_4236	19
ECDH10B_4237	11
ECDH10B_4238	1307
ECDH10B_4239	195
ECDH10B_4240	196
ECDH10B_4241	1182
ECDH10B_4242	984
ECDH10B_4243	760
ECDH10B_4244	225
ECDH10B_4245	282
ECDH10B_4246	196
ECDH10B_4248	1903
ECDH10B_4249	227
ECDH10B_4251	188
ECDH10B_4252	35
ECDH10B_4254	215
ECDH10B_4255	0
ECDH10B_4256	0
ECDH10B_4257	0
ECDH10B_4258	0
ECDH10B_4259	0
ECDH10B_4260	0
ECDH10B_4263	13
ECDH10B_4264	0
ECDH10B_4265	0
ECDH10B_4266	8
ECDH10B_4267	86
ECDH10B_4268	1942
ECDH10B_4269	211
ECDH10B_4270	270
ECDH10B_4271	30
ECDH10B_4272	39
ECDH10B_4273	36
ECDH10B_4274	27
ECDH10B_4275	83
ECDH10B_4276	0
ECDH10B_4277	16
ECDH10B_4278	72
ECDH10B_4279	78
ECDH10B_4280	284
ECDH10B_4281	56
ECDH10B_4282	70
ECDH10B_4283	109
ECDH10B_4284	48
ECDH10B_4285	16
ECDH10B_4286	0
ECDH10B_4287	52
ECDH10B_4288	2
ECDH10B_4289	24
ECDH10B_4290	5
ECDH10B_4291	15
ECDH10B_4292	0
ECDH10B_4293	18
ECDH10B_4297	58
ECDH10B_4298	16
ECDH10B_4299	0
ECDH10B_4300	242
ECDH10B_4301	194
ECDH10B_4302	63
ECDH10B_4303	4099
ECDH10B_4304	270
ECDH10B_4305	245
ECDH10B_4306	51
ECDH10B_4307	12
ECDH10B_4310	77
ECDH10B_4311	85
ECDH10B_4312	116
ECDH10B_4313	32
ECDH10B_4314	195
ECDH10B_4315	170
ECDH10B_4317	430
ECDH10B_4318	35
ECDH10B_4319	62
ECDH10B_4320	35
ECDH10B_4321	0
ECDH10B_4322	398
ECDH10B_4323	127
ECDH10B_4324	121
ECDH10B_4325	23
ECDH10B_4326	126
ECDH10B_4327	0
ECDH10B_4328	257
ECDH10B_4329	507
ECDH10B_4330	89
ECDH10B_4331	1399
ECDH10B_4332	3294
ECDH10B_4333	226
ECDH10B_4334	490
ECDH10B_4335	1861
ECDH10B_4336	4306
ECDH10B_4337	526
ECDH10B_4338	316
ECDH10B_4340	2193
ECDH10B_4341	147
ECDH10B_4342	134
ECDH10B_4343	965
ECDH10B_4344	708
ECDH10B_4345	381
ECDH10B_4346	552
ECDH10B_4347	1112
ECDH10B_4349	9046
ECDH10B_4350	718
ECDH10B_4351	91
ECDH10B_4352	30
ECDH10B_4353	170
ECDH10B_4354	1598
ECDH10B_4355	1266
ECDH10B_4356	2214
ECDH10B_4357	314
ECDH10B_4358	395
ECDH10B_4359	221
ECDH10B_4360	132
ECDH10B_4361	965
ECDH10B_4362	289
ECDH10B_4363	80
ECDH10B_4364	1074
ECDH10B_4365	1811
ECDH10B_4366	6757
ECDH10B_4367	4298
ECDH10B_4368	5468
ECDH10B_4369	5508
ECDH10B_4370	2850
ECDH10B_4371	164
ECDH10B_4372	3103
ECDH10B_4373	1281
ECDH10B_4374	8697
ECDH10B_4375	1288
ECDH10B_4376	20
ECDH10B_4377	51
ECDH10B_4378	7
ECDH10B_4379	0
ECDH10B_4380	9
ECDH10B_4381	46
ECDH10B_4382	67
ECDH10B_4383	75
ECDH10B_4384	227
ECDH10B_4385	130
ECDH10B_4386	105
ECDH10B_4387	22
ECDH10B_4388	16
ECDH10B_4389	0
ECDH10B_4390	9
ECDH10B_4391	15
ECDH10B_4392	8
ECDH10B_4393	65
ECDH10B_4394	4
ECDH10B_4395	19467
ECDH10B_4397	4530
ECDH10B_4398	3504
ECDH10B_4399	175
ECDH10B_4400	278
ECDH10B_4401	525
ECDH10B_4402	985
ECDH10B_4403	983
ECDH10B_4404	103
ECDH10B_4405	219
ECDH10B_4406	38
ECDH10B_4407	55
ECDH10B_4408	254
ECDH10B_4410	57
ECDH10B_4411	94
ECDH10B_4412	192
ECDH10B_4413	754
ECDH10B_4414	204
ECDH10B_4415	351
ECDH10B_4416	1055
ECDH10B_4417	176
ECDH10B_4418	373
ECDH10B_4419	8
ECDH10B_4420	88
ECDH10B_4421	940
ECDH10B_4422	57
ECDH10B_4423	47
ECDH10B_4426	203
ECDH10B_4427	490
ECDH10B_4428	1727
ECDH10B_4429	1592
ECDH10B_4430	926
ECDH10B_4431	325
ECDH10B_4432	563
ECDH10B_4433	2028
ECDH10B_4434	46
ECDH10B_4435	71
ECDH10B_4436	93
ECDH10B_4437	794
ECDH10B_4438	792
ECDH10B_4439	111
ECDH10B_4440	58
ECDH10B_4441	13
ECDH10B_4442	14
ECDH10B_4443	71
ECDH10B_4444	37
ECDH10B_4445	161
ECDH10B_4446	47
ECDH10B_4447	20
ECDH10B_4448	1263
ECDH10B_4449	159
ECDH10B_4450	21
ECDH10B_4451	3014
ECDH10B_4452	324
ECDH10B_4453	1543
ECDH10B_4454	926
ECDH10B_4455	840
ECDH10B_4456	145
ECDH10B_4457	66
ECDH10B_4458	134
ECDH10B_4459	77
ECDH10B_4460	27
ECDH10B_4461	24
ECDH10B_4462	44
ECDH10B_4463	4
ECDH10B_4464	505
ECDH10B_4465	19
ECDH10B_4466	44
ECDH10B_4467	200
ECDH10B_4472	55
ECDH10B_4473	388
ECDH10B_4474	85
ECDH10B_4475	156
ECDH10B_4476	34
ECDH10B_4477	21
ECDH10B_4478	121
ECDH10B_4479	47
ECDH10B_4480	0
ECDH10B_4481	49
ECDH10B_4484	77
ECDH10B_4485	56
ECDH10B_4486	0
ECDH10B_4487	53
ECDH10B_4488	64
ECDH10B_4489	116
ECDH10B_4490	34
ECDH10B_4491	64
ECDH10B_4492	232
ECDH10B_4496	748
ECDH10B_4497	82
ECDH10B_4498	205
ECDH10B_4499	30
ECDH10B_4500	15
ECDH10B_4501	84
ECDH10B_4502	41
ECDH10B_4503	19
ECDH10B_4504	679
ECDH10B_4505	205
ECDH10B_4506	0
ECDH10B_4507	119
ECDH10B_4508	98
ECDH10B_4509	21
ECDH10B_4510	102
ECDH10B_4511	171
ECDH10B_4512	58
ECDH10B_4513	6
ECDH10B_4514	11
ECDH10B_4515	720
ECDH10B_4516	485
ECDH10B_4517	254
ECDH10B_4518	254
ECDH10B_4519	8
ECDH10B_4520	140
ECDH10B_4521	0
ECDH10B_4522	61
ECDH10B_4523	159
ECDH10B_4524	178
ECDH10B_4525	107
ECDH10B_4526	102
ECDH10B_4527	69
ECDH10B_4528	648
ECDH10B_4529	452
ECDH10B_4530	136
ECDH10B_4531	273
ECDH10B_4532	1355
ECDH10B_4533	67
ECDH10B_4534	0
ECDH10B_4535	137
ECDH10B_4536	207
ECDH10B_4537	336
ECDH10B_4538	508
ECDH10B_4539	256
ECDH10B_4540	258
ECDH10B_4541	1293
ECDH10B_4542	509
ECDH10B_4543	540
ECDH10B_4544	167
ECDH10B_4545	244
ECDH10B_4546	414
ECDH10B_4547	563
ECDH10B_4548	654
ECDH10B_4549	2072
ECDH10B_4550	559
ECDH10B_4551	506
ECDH10B_4552	463
ECDH10B_4553	940
ECDH10B_4554	2065
ECDH10B_4555	228
ECDH10B_4556	73
ECDH10B_4557	284
ECDH10B_4558	47
ECDH10B_4559	1782
ECDH10B_4560	328
ECDH10B_4561	313
ECDH10B_4562	14
ECDH10B_4563	151
__no_feature	3547186
__ambiguous	175423
__too_low_aQual	0
__not_aligned	732616
__alignment_not_unique	336041
